,Susceptible,Infected,Recovered,Dead
0,88064.50616721628,10068.471700630897,1827.4259067662367,39.596225386494524
1,23534.589943603416,59315.7512947299,16673.588604880006,476.0701567864876
2,17705.484530351358,61161.34653286628,20222.08110898053,911.0878278019287
3,15325.165907439852,62687.15191522128,20797.828454577728,1189.8537227608904
4,13172.038397272863,64190.83497580929,21250.857415396596,1386.2692115211626
5,11518.556675027328,65332.08947223195,21616.818351002035,1532.535501738607
6,10235.780887135765,66212.74476475532,21905.83965168235,1645.634696426481
7,9211.403195318517,66915.21230327428,22137.7143433592,1735.6701580478486
8,87814.70776795068,10261.040917464778,1843.5990095232933,80.65230506130409
9,23283.731800412228,59227.01209840649,16532.317625039508,956.9384761417688
10,17521.994293287793,60732.262707536735,19924.616785864146,1821.1262133110267
11,15167.70812834502,62034.576284797564,20425.046114689136,2372.669472168329
12,13038.814843356378,63378.16739281256,20822.73360331152,2760.2841605197555
13,11402.37736312733,64401.91452627017,21147.252262691993,3048.4558479106254
14,10132.525359789974,65192.131790164836,21404.31748095685,3271.025369088289
15,9118.458892221626,65822.68918492443,21610.796479979537,3448.0554428746323
16,87560.78796816526,10456.39801165866,1859.6105859030067,123.20343427298047
17,23034.229179904298,59133.979513285725,16389.24620148399,1442.5451053257393
18,17338.611943848147,60302.73647826544,19628.607818113906,2730.043759772481
19,15010.322590644982,61385.247083189424,20056.003332516437,3548.4269936492374
20,12905.646693329994,62572.03988099981,20400.219618531628,4122.093807138291
21,11286.261124724526,63481.06604317847,20684.792658987815,4547.88017310891
22,10029.331244181662,64183.19549255755,20911.116606925632,4876.356656334981
23,9025.570883843096,64743.826942963366,21093.20240218607,5137.399771007378
24,87302.71503216251,10654.551158291724,1875.4484969228843,167.28531262278625
25,22786.054301565197,59036.699709447515,16244.41640770313,1932.8295812842925
26,17155.338760916704,59872.812963159195,19334.078439979265,3637.7698359450105
27,14853.008310680576,60739.18910144582,19690.695517193348,4717.1070706804585
28,12772.532201433718,61772.441460358066,19983.278546976,5471.747791232017
29,11170.206432699473,62569.49380363489,20229.37213843244,6030.92762523301
30,9926.197403064276,63185.847964097804,20426.142211345574,6461.812421492159
31,8932.738257117382,63678.503167367075,20584.8131035899,6803.945471925976
32,87040.45826644648,10855.507284307818,1891.1003092841495,212.93413996132114
33,22539.179899386225,58935.21888442047,16097.870362888689,2427.7308533047308
34,16972.17601438196,59442.536981715035,19041.0524241566,4544.23457974642
35,14695.764316848592,60096.426549256605,19329.11761827928,5878.691515615436
36,12639.469605425476,60979.36069223285,19571.873283783105,6809.296418558541
37,11054.211725514744,61667.147434130755,19780.92348686572,7497.71735348894
38,9823.122667711568,62200.00151742412,19949.300068493307,8027.5757463708105
39,8839.960074911227,62626.59607002099,20085.5105660452,8447.933289022494
40,86773.98806862405,11059.272024882792,1906.5532947416593,260.1866117513934
41,22293.579223112105,58829.583254586774,15949.65021689474,2927.1873054061884
42,16789.124966061085,59011.953050154705,18749.553082076207,5449.368901707955
43,14538.589650322863,59456.98305756901,18971.26413165851,7033.16316044981
44,12506.457127170986,60192.78568557176,19165.966540220586,8134.79064703681
45,10938.275406907613,60773.976414150064,19339.379682407205,8948.36849653515
46,9720.10583704916,61225.568691300934,19480.49654670376,9573.828924946267
47,8747.235375142789,61587.98448719831,19595.177756949925,10069.602380709171
48,86503.27597654647,11265.849679821284,1921.7944297486417,309.0799138836172
49,22049.226038865818,58719.83904707338,15799.798135596962,3431.1367784639133
50,16606.18687062201,58581.1053768624,18459.603264276666,6353.104488238941
51,14381.483365793458,58820.881681235085,18617.12910544415,8180.505847527313
52,12373.492973273029,59412.70410311889,18765.520850532783,9448.282073075294
53,10822.395845616042,59889.93008326686,18904.673900343736,10383.000170773332
54,9617.145676785714,60262.46225619595,19019.63860981355,11100.753457204824
55,8654.563169877532,60562.54788197589,19113.698626475187,11669.190321671282
56,86228.29471762052,11475.243170059755,1936.810395388184,359.6517169317034
57,21806.094629182247,58606.032492104365,15648.356286646198,3939.516592067309
58,16423.36297650221,58150.037857928386,18171.225360866196,7255.373804703399
59,14224.444532224212,58188.144901697626,18266.706145889304,9320.704420188915
60,12240.575335740677,58639.10316756302,18370.49857872628,10749.82291796981
61,10706.571375140127,59014.957648156866,18476.739517921073,11801.73145878175
62,9514.240918546533,59310.595219786424,18566.633818511385,12608.530043155772
63,8561.942444401662,59550.16634660404,18640.95810472935,13246.933104264874
64,85949.01825822065,11687.453994343146,1951.5875776013756,411.940169834518
65,21564.159792484308,58488.209815794435,15495.366825609877,4452.263566111677
66,16240.654526824974,57718.79407279603,17884.44130206922,8156.110098309952
67,14067.472233628276,57558.794629705095,17919.98842330092,10453.744713365923
68,12107.702392699814,57871.96966763576,17980.86192529354,12039.46601437082
69,10590.800293541331,58149.00818952528,18055.51011904232,13204.681397891149
70,9411.390259010832,58369.88083238851,18121.39033159425,14097.33857700662
71,8469.372156274008,58550.72060481769,18176.842098853325,14803.065140054905
72,85665.42185312205,11902.482186160558,1966.1120677244708,465.98389299277414
73,21323.396842034894,58366.41723334908,15340.871882492385,4969.314042123274
74,16058.062760312649,57287.417280012356,17599.272558857905,9055.247400816903
75,13910.56556986205,56932.85220806039,17576.96867795805,11579.61354411964
76,11974.872309145157,57111.289964159674,17596.57293387461,13317.264792820657
77,10475.080863281803,57292.0306689465,17640.919498872026,14591.96896889972
78,9308.592359055727,57440.232592312714,17683.816907132335,15567.358141499264
79,8376.851234357011,57564.09201409833,17721.237490050928,16337.819261493765
80,89841.15877979106,8436.151709439075,1689.104024514088,33.58548625556156
81,24358.127184111792,57095.44555332812,18097.93042272092,448.49683983921005
82,18324.675921352,57887.37677470075,22911.988636848877,875.9586670981408
83,16314.511067830445,58975.557480211995,23565.800027495978,1144.1314244615235
84,14095.989521667774,60496.59231296472,24075.16496101838,1332.2532043488266
85,12323.030375367322,61690.96247103763,24513.53708461004,1472.4700689849249
86,10945.307995629855,62606.29091223165,24867.40434658776,1580.9967455504907
87,9847.739139574385,63331.90227994574,25152.908711168366,1667.449869311618
88,89602.81948068886,8620.51876257407,1708.102701170485,68.55905556624366
89,24083.118505835082,57046.879750519125,17967.554150885066,902.4475927605479
90,18133.00403380486,57519.45954780413,22595.701374305212,1751.8350440856814
91,16143.764500914427,58405.190671451055,23168.38201498152,2282.662812653087
92,13952.464576297978,59776.32178061598,23617.107022410808,2654.106620675222
93,12198.67077427967,60861.46653892201,24009.340247246586,2930.5224395516916
94,10834.963899064413,61693.245163838554,24327.55688875218,3144.2340483448174
95,9748.428052135718,62352.4868126074,24584.743234995312,3314.341900261438
96,89359.97342107932,8808.049868259339,1727.0181305070325,104.95858015416687
97,23810.086748336125,56993.505044417994,17834.615777232135,1361.7924300137583
98,17941.43442824067,57150.53838621628,22280.47565673658,2627.551528806653
99,15973.138471659067,57836.934941953565,22774.368729515492,3415.5578568717265
100,13809.001149097394,59061.01393176389,23164.40272548194,3965.5821936565235
101,12074.383425496924,60039.31589649237,23512.062121574974,4374.238556435844
102,10724.698783492187,60789.55793792526,23795.894353248717,4689.848925333838
103,9649.193260435055,61384.136788739444,24025.806508103025,4940.86344272241
104,89112.57388446627,8998.765887718948,1745.8376399779763,142.82258783657232
105,23538.990265780645,56935.37581449457,17699.163218133093,1826.47070159163
106,17749.97013267814,56780.65571249054,21966.342966980053,3503.0311878513157
107,15802.632240758205,57270.82087843688,22383.765619077552,4542.781261727152
108,13665.597320833573,58350.67276012127,22717.027242099106,5266.702676945812
109,11950.166095388868,59224.484525469066,23021.649176807572,5803.700202334265
110,10614.51086292749,59895.17368515802,23272.33730450303,6217.978147411235
111,9550.03340772844,60426.76948329489,23475.996122582415,6547.200986394365
112,88860.57515613211,9192.686417356808,1764.548166177141,182.19026033392117
113,23269.78807629813,56872.54633881435,17561.24461925214,2296.420965635437
114,17558.614144027448,56409.853765382875,21653.334328976223,4378.197761613397
115,15632.245094163378,56706.878558859506,21996.577609611326,5664.298737365689
116,13522.25117196436,57645.30179446782,22274.955412440064,6557.4916211275995
117,11826.016515879426,58416.946145144866,22538.047852941083,7218.989486034673
118,10504.398304824985,59010.03684849585,22756.806615854097,7728.758230825118
119,9450.947096026966,59480.30243236521,22935.21031458074,8133.540157027094
120,88603.9325900919,9389.829727714436,1783.1362512672533,223.10143092647598
121,23002.439872444782,56805.07077896389,17420.90833119418,2771.581017397073
122,17367.369429329523,56038.174594368444,21341.480307138405,5252.975669163424
123,15461.976343873093,56145.137553513574,21612.80911000302,6780.076992610209
124,13378.96078375244,56944.90410276767,21838.161751782278,7837.973361697783
125,11701.93238489048,57616.674217910586,22061.204566564204,8620.18883063494
126,10394.359229450816,58134.09186877839,22249.223473056572,9222.32542871415
127,9351.932884919363,58544.65343743109,22403.347964875433,9700.065712774034
128,88342.60267699158,9590.212701859826,1801.5880397117255,265.59658143694526
129,22736.90603026655,56733.00316613135,17278.202885843762,3251.887917758529
130,17176.238927001585,55665.66005425247,21030.81100580698,6127.2900129389145
131,15291.82532873801,55585.62692615708,21232.464017087394,7890.083728017759
132,13235.72423941963,56249.48229625739,21406.62045725505,9108.17300706771
133,11577.911366844555,56823.64195471007,21591.065716593483,10007.380961852157
134,10284.391709291951,57267.28319024531,21749.509377696184,10698.815722766625
135,9252.989290393889,57619.74056956526,21880.308599366497,11246.961540674462
136,88076.5431128663,9793.850773291198,1819.8892753258276,309.71683851685094
137,22473.147617035393,56656.39738827536,17133.176973380825,3737.278021308804
138,16985.225548087896,55292.351799872384,20721.356068787118,7001.066583252798
139,15121.791415282125,55028.37523518344,20855.545720678194,8994.287628856458
140,13092.53962534151,55559.03853350845,20980.305414556413,10368.116426593771
141,11453.951093228208,56037.82232041679,21127.5776899357,11380.648896419421
142,10174.493768507013,56409.55526597639,21257.58615051676,12158.364814999853
143,9154.11478366224,56705.48217358716,21365.992389488485,12774.410653261868
144,87805.71286866802,10000.757863451603,1838.0252986657692,355.5039692146557
145,22211.126397721306,56575.307178332325,16985.87941996646,4227.687003979877
146,16794.332177514487,54918.291280894264,20413.14467897021,7874.231862621083
147,14951.873998540425,54473.41053483108,20482.0571086247,10092.65835800386
148,12949.40503228263,54873.57452445492,20559.190204631002,11617.830238631286
149,11330.049163218198,55259.18803913341,20670.686867078282,12740.07593056995
150,10064.663382422017,55560.852563257926,20773.375934661904,13601.108119658187
151,9055.30778998814,55801.79687217128,20860.300152543223,14282.595185297192
152,87530.07226047064,10210.946318951903,1855.9810447735408,403.0003758039502
153,21950.804840266177,56489.786103404185,16836.35916608606,4723.0498902435165
154,16603.56167534837,54543.51973670187,20106.205558038615,8746.713029911181
155,14782.072502912619,53920.76037642843,20112.000571890727,11185.166548768117
156,12806.318556672715,54193.09153439813,20143.24811031376,12857.341798615318
157,11206.203144372163,54487.71159941269,20220.33962760834,14085.745628606639
158,9954.898477074246,54721.11956886776,20296.801198830242,15027.180755227795
159,8956.566687524173,54908.60356990018,20363.133351952278,15771.696390623227
160,91172.477364721,7231.5938893149805,1566.7677140937167,29.16103187032144
161,25108.425081025176,55285.54328748287,19179.616661961314,426.4149695305004
162,18789.775683256245,55060.81614341921,25301.833738923237,847.5744344010951
163,17295.03768030883,55564.562159728725,26034.714563365513,1105.685596596768
164,15085.694570506144,57057.42516069912,26571.248255535873,1285.6320132590572
165,13194.211450065268,58314.90885503842,27070.91607371349,1419.9636211826987
166,11710.252083394284,59276.96440100728,27488.646911914693,1524.1366036836932
167,10530.872072320373,60032.32746879654,27829.569323454507,1607.2311354285346
168,90945.3747924544,7407.302285035204,1587.6806000005724,59.642322509872216
169,24808.881733289232,55269.20558354169,19063.114377887734,858.7983052815641
170,18591.873394241033,54740.91705231535,24971.40654149262,1695.80301195101
171,17109.623736428828,55064.059811972904,25619.399512840515,2206.9169387576176
172,14929.903734182151,56415.749065037664,26091.962392407255,2562.3848083730204
173,13060.562031976153,57570.406307551304,26541.701731797355,2827.329928674992
174,11592.192487272949,58454.6482392716,26920.578579792105,3032.5806936634017
175,10424.73495473062,59148.45926671633,27230.6273695256,3196.1784090272945
176,90713.49799106865,7586.4364122845145,1608.582082169915,91.48351447695654
177,24511.974240267275,55247.588062647235,18943.346999372796,1297.0906977125655
178,18394.046285179025,54419.692082290436,24641.65677290409,2544.604859626498
179,16924.405169138918,54564.83644504678,25207.11116672156,3303.6472190925265
180,14774.18953043907,55777.86856714893,25617.680731566852,3830.26117084549
181,12926.982805716867,56831.763778768116,26019.100482878363,4222.152932636517
182,11474.220409058222,57639.92416742485,26360.421340669684,4525.434082847312
183,10318.690754331572,58273.6588598856,26640.66348378887,4766.986901993871
184,90476.78656959686,7769.028888160795,1629.4595065192545,124.72503572337779
185,24217.647132322956,55220.754955625365,18820.36609549543,1741.2318165563915
186,18196.299603474064,54097.179301777236,24312.621405484475,3393.8996892642117
187,16739.381648950177,54066.92473437228,24797.863039812313,4395.830576865174
188,14618.550379697292,55143.79607314334,25148.388818048683,5089.264729110534
189,12793.471073048124,56098.97071707413,25503.07106040549,5604.487149472141
190,11356.333233848518,56832.75830908293,25808.10980365915,6002.798653409727
191,10212.73740160032,57407.87049941274,26059.590805219894,6319.801293767076
192,90235.18101261035,7955.111137711139,1650.2997489591774,159.40810071940822
193,23925.845676628072,55188.770273729795,18694.223701728624,2191.160347913835
194,17998.638545457223,53773.416687088546,23984.336964381284,4243.60780307306
195,16554.55288286001,53570.35691809756,24391.668105906865,5483.422093135503
196,14462.98472514802,54513.54354842001,24684.071782192237,6339.399944239886
197,12660.024120151835,55372.0162684241,24993.572020668387,6974.387590755677
198,11238.528297936939,56033.11667548651,25263.57867889307,7464.776347683553
199,10106.872769602258,56551.03851720456,25487.322856969386,7854.7658562238385
200,89988.62276237417,8144.713318151433,1671.0892086302551,195.57471084430753
201,23636.515902931184,55151.69778226975,18564.972284114447,2646.8140306843447
202,17801.068257469808,53448.44211686942,23656.839526678163,5093.6500989829465
203,16369.918615188219,53075.16479725751,23988.53880174688,6566.37778580741
204,14307.491034159808,53887.12252023103,24224.714345962948,7580.672099646216
205,12526.639219001077,54650.8892800363,24490.561748760832,8331.909752201802
206,11120.802889128865,55240.96516988885,24726.762781850957,8911.469159131355
207,10001.094673168887,55703.10733029937,24923.773548561214,9372.024447970472
208,89737.05430278364,8337.864241773143,1691.8138014324925,233.26765401060098
209,23349.604626832435,55109.600976369235,18432.664704465853,3108.12969233254
210,17603.593836984168,53122.29336661147,23330.16472057417,5943.948075830288
211,16185.478628425119,52581.37973597255,23588.487031019533,7644.654604582764
212,14152.067799717404,53264.54408024061,23770.300829258456,8813.087290783631
213,12393.313628795682,53935.57830402387,23993.998464495235,9677.10960268529
214,11003.154247135648,54456.269591857315,24197.597037614818,10342.979123392293
215,9895.400868122384,54864.02144513672,24368.85717801448,10871.7205087264
216,89480.41924500224,8534.591297635237,1712.4589538722098,272.53050349042275
217,23065.05947067747,55062.54305874564,18297.354186585493,3575.0432839914633
218,17406.220333759862,52795.00810323065,23004.34772462767,6794.423838381609
219,16001.232744091247,52089.03266168886,23191.524168396234,8718.210425823685
220,13996.7135418933,52645.81888706587,23320.8151561955,10036.652414845217
221,12260.044597464903,53226.071600959964,23503.840228268255,11010.043573307028
222,10885.579564048137,53678.99564149018,23676.016485057567,11759.408309404018
223,9789.789050551888,54033.725461760834,23822.488433889615,12353.9970537977
224,89218.66241469851,8734.920372139331,1733.0095972503188,313.40761591219825
225,22782.82888217832,55010.58691942352,18159.09428349304,4047.4899149051403
226,17208.952751032848,52466.62387970841,22679.423267063932,7645.000102194808
227,15817.180823608322,51598.15406545686,22797.66106361025,9787.004047324535
228,13841.426809351695,52030.957168808636,22876.240861380593,11251.37516045899
229,12126.829363237692,52522.35714337847,23020.044946878115,12330.768546505578
230,10768.075984892279,52909.10892354692,23161.956280963976,13160.858810596945
231,9684.256856145475,53212.164077955014,23284.58239726099,13818.99666863833
232,88951.7299407863,8938.875768600088,1753.4501622174896,355.94412839617223
233,22502.862150872683,54953.79511727034,18017.938845643854,4525.403886213202
234,17011.79604673574,52137.17812979757,22355.425625147232,8495.600198319611
235,15633.322769183002,51108.77400224855,22406.908045573,10850.995182995228
236,13686.206180885258,51419.96872557109,22436.56109616224,12457.263997381662
237,11993.665156282304,51824.42261920827,22542.570379294888,13639.341845214489
238,10650.640608270518,52146.574951485774,22655.35170408455,14547.4327361591
239,9578.801859582374,52399.28209330521,22755.054543615825,15266.861503496524
240,92199.7799755071,6313.9160126708975,1460.5147096506864,25.789302171449137
241,25801.17914170324,53782.87176732168,20007.62750610074,408.321584874357
242,19114.246851691973,52627.96863482039,27433.518065768796,824.266447718766
243,18234.929198126425,52436.85231425643,28255.186367890194,1073.0321197271096
244,16133.61778379999,53833.089919720565,28788.28493634861,1245.007360131115
245,14140.221908249898,55154.53850828505,29331.629902373046,1373.6096810919419
246,12539.910793339846,56177.812854617805,29808.645240355847,1473.631111686612
247,11267.732050198952,56973.1822723131,30205.504959411985,1553.580718075964
248,91983.12573032193,6481.301413824247,1482.7355062606446,52.837349593227465
249,25477.305421241508,53793.33137789112,19906.33603966391,823.0271612034587
250,18911.969847481465,52346.003418103806,27092.265560206357,1649.7611742085044
251,18034.123213670915,51996.69385925733,27826.643528774188,2142.5393982976666
252,15963.168475422692,53260.04142033289,28294.38167379333,2482.408430451097
253,13995.5940114172,54483.246493372644,28784.99701647704,2736.162478733228
254,12413.197238599327,55433.09737862846,29220.381789223764,2933.3235935483194
255,11154.181829049074,56170.94125546654,29584.068332885905,3090.8085825983603
256,91761.51172381257,6652.294721129368,1505.0085935985812,81.18496145956794
257,25156.732156222144,53798.06554549055,19801.144117483404,1244.0581808038035
258,18709.725917515603,52062.545478742875,26751.326911044194,2476.401692697261
259,17833.609476632166,51557.18244274264,27400.739996217373,3208.4680844077193
260,15792.839336820749,52689.89194293297,27805.076848417295,3712.191871829015
261,13851.029211588284,53816.682817850444,28244.596245003242,4087.6917255579738
262,12286.565463837911,54694.61135013902,28639.67069909479,4379.152486928226
263,11040.731269064854,55376.207783274534,28971.264654316612,4611.796293343897
264,91534.86543363598,6826.939052685167,1527.3216609068866,110.87385277189584
265,24839.390871163734,53797.14915020058,19692.10509623914,1671.3548823966537
266,18507.522628681843,51777.62797893646,26410.743357079216,3304.106035302484
267,17633.38825447237,51118.35084044967,26977.495613263927,4270.765291814056
268,15622.629511062678,52122.65842623719,27320.36488809258,4934.347174607635
269,13706.524984038759,53154.84674222762,27710.39693410786,5428.231339625779
270,12160.012174974496,53962.33581026883,28066.458925256335,5811.19308950028
271,10927.377382035944,54588.9451709006,28367.021003758236,6116.656443305417
272,91303.11503560477,7005.276461951885,1549.6618640346737,141.94663840868606
273,24525.213814813946,53790.65676896255,19579.273079079987,2104.85633714337
274,18305.367488324675,51491.28405435924,26070.555699004435,4132.792758311811
275,17433.459853974822,50680.23145789232,26556.929692097652,5329.378996035096
276,15452.538187040265,51558.357401347654,26840.23976173039,6148.864649881789
277,13562.078821135316,52497.73720854707,27182.36815602662,6757.815814291031
278,12033.534049430156,53236.25163090106,27500.69337349345,7229.520946175067
279,10814.11712026584,53809.11671928656,27771.264648504053,7605.501511943635
280,91066.18949797872,7187.347850113058,1572.0158155014312,174.44683640711648
281,24214.13400697616,53778.66263305466,19462.702866701587,2544.500493267488
282,18103.2679445004,51203.546809282314,25730.804298888717,4962.380947328663
283,17233.824622277752,50242.85632982339,26139.061016947202,6384.258030951759
284,15282.564600848695,50997.00499337157,26364.69498502285,7355.735420757039
285,13417.688234342702,51845.35284262025,26660.478714944056,8076.480208092959
286,11907.127737713014,52516.339517455875,26942.320904784327,8634.211840046852
287,10700.947376901313,53036.68571850237,27183.923046102045,9078.443858494253
288,90824.01867842973,7373.19287633641,1594.369574818166,208.41887041588518
289,23906.08528144453,53761.240588981906,19342.4499098123,2990.224219761224
290,17901.231386323507,50914.4493117063,25391.52907968756,5792.790222282667
291,17034.482947909113,49806.25711973922,25723.907847042665,7435.352085308932
292,15112.70803719106,50438.61692303906,25893.72362618091,8554.951413589059
293,13273.350756284412,51197.691956217,26144.697152832294,9384.260134666274
294,11780.789865094028,51802.58001157771,26391.288339948638,10025.341783379672
295,10587.86498635595,52271.61545100637,26604.923847309838,10535.59571532813
296,90576.533423601,7562.849866024503,1616.7086390960558,243.90807127832784
297,23601.002325208694,53738.46406262794,19218.570262985737,3441.9633491775467
298,17699.265144399673,50624.02458850927,25052.769524785697,6623.940742305287
299,16835.43526182377,49370.465119430344,25311.48791962597,8482.611699120078
300,14942.967830807289,49883.20850832037,25427.318311668158,9746.505349204162
301,13129.063942857732,50554.75254920972,25634.9917552609,10681.191752671646
302,11654.517033375276,51094.95349374042,25847.542464252012,11402.987008632268
303,10474.866724832284,51513.869194813735,26034.19489899169,11977.069181362054
304,90323.66567117274,7756.35571715044,1639.0179339721187,280.96067770462383
305,23298.820714099238,53710.40602650649,19091.120539885284,3899.6527195093395
306,17497.376491342467,50332.30562061327,24714.56467757382,7455.7532104705515
307,16636.6820384427,48935.511248571886,24901.818453010423,9525.98825997496
308,14773.343367927126,49330.79466604119,24965.471231929725,10930.390734101802
309,12984.82537540314,49916.53231167326,25131.330557177625,11967.311755745726
310,11528.305822752542,50393.44018576418,25311.030031964587,12767.223959518973
311,10361.949310946273,50763.41022657456,25471.664246960216,13402.976215518964
312,90065.34855433332,7953.745804791178,1661.2818048836898,319.62383599186677
313,22999.476945036167,53677.13896995661,18960.157869847983,4363.226215159131
314,17295.572642369145,50039.325338170514,24376.95314105892,8288.148878401384
315,16438.223796695678,48501.4260543591,24494.91614969181,10565.43399925356
316,14603.834087747615,48781.38991349656,24508.17414711674,12106.601851639249
317,12840.632662928623,49283.02862593968,24633.681348660964,13242.657362470658
318,11402.152793774174,49698.02015324389,24781.697770875988,14118.12928210583
319,10249.109406457996,50020.20182455004,24917.26013875913,14813.428630232469
320,93012.13550925397,5596.118392985433,1368.5992011462722,23.14689661436314
321,26445.13156288093,52514.570296379614,20647.08153609246,393.21660464711084
322,19318.399531512146,50534.34983345902,29342.39756883877,804.8530661899016
323,19105.980465851382,49580.421952108874,30268.523092365234,1045.074489674558
324,17223.93038830886,50796.42257843535,30770.295701350817,1209.3513319047663
325,15166.033393364236,52167.315142716405,31334.295345813713,1332.3561181053976
326,13445.068707204831,53264.9896897074,31861.553295693102,1428.388307394607
327,12067.795038157985,54114.00180027045,32312.824527836827,1505.3786337346617
328,92804.97818343547,5755.8053871152415,1391.7188168443245,47.497612604752064
329,26097.550976502593,52547.92917024123,20561.35909561432,793.1607576420889
330,19113.326890716024,50282.548467243214,28992.733271580964,1611.3913704597473
331,18889.8511049394,49192.83498471319,29829.925856710906,2087.3880536364095
332,17036.312284036616,50284.782998489325,30266.725524391146,2412.17919308288
333,15008.073959296531,51560.62443395047,30776.318334743126,2654.983272010022
334,13308.253644342027,52587.771584726135,31259.621001161104,2844.3537697708484
335,11945.982146696595,53382.33702397249,31675.608395515657,2996.0724338152772
336,92592.73260661981,5919.227183604824,1414.946461242101,73.09374853314105
337,25753.92097604007,52575.13611336342,20471.168112632873,1199.7747979633768
338,18908.2384010522,50029.18714742617,28643.04270380366,2419.5317477179087
339,18674.12162476799,48805.404367761534,29393.591628662743,3126.882378807828
340,16848.904685990878,49775.318237798325,29767.315628879536,3608.4614473312963
341,14850.183121831626,50957.77864337857,30224.13963430158,3967.898600488394
342,13171.50183888473,51915.72238486023,30664.82533375895,4247.950442496134
343,11824.259759083176,52656.95096911594,31046.620591515068,4472.168680285606
344,92375.31562630777,6086.4361299381135,1438.270349086078,99.97789466790461
345,25414.161273667887,52596.27684929564,20376.562212806286,1612.9996642301496
346,18703.14373912925,49774.29420550828,28293.370551890297,3229.191503472069
347,18458.793184623322,48418.16179094499,28959.545093850164,4163.499930581556
348,16661.707472948317,49268.04762204105,29272.068152539592,4798.1767524710485
349,14692.359320638921,50358.78296300704,29677.73785945855,5271.119856895531
350,13034.809953330221,51248.833337335825,30077.12396513989,5639.2327441937805
351,11702.624079232779,51937.82077087246,30425.800413646473,5933.754736248554
352,92152.64458374068,6257.4836668489015,1461.6781114414314,128.19363796881862
353,25078.19221073587,52611.436759808086,20277.59608024625,2032.7749492097835
354,18498.05252989014,49517.897986101976,27943.76106559508,4040.2884184126115
355,18243.866971942738,48031.138640314384,28527.810436918095,5197.183950824892
356,16474.720589389068,48762.99010302086,28780.98475457343,5981.304553016628
357,14534.601046120762,49763.64226248818,29137.09129138502,6564.665400006062
358,12898.174662254889,50587.095477850264,29496.474412029806,7018.255447865124
359,11581.071274596028,51224.92348650831,29813.087198322053,7380.918040573658
360,91924.63741755126,6432.420231454651,1485.1567827411498,157.78556825303377
361,24745.9348307587,52620.70082168165,20174.32539441389,2459.03895314597
362,18292.97434540959,49260.026843330656,27594.258058366875,4852.740752892757
363,18029.344203840978,47644.365997001485,28098.41134337654,6227.878455781018
364,16287.944046587823,48260.16425981602,28294.06662078107,7157.825072815264
365,14376.9068415422,49172.3610904819,28602.1778831173,7848.554184858722
366,12761.592654867327,49930.4996319539,28922.834041150036,8385.073672028684
367,11459.597478032381,50518.236097229325,29208.420324109527,8813.746100628652
368,91691.21277096652,6611.295157501009,1508.6927880394237,188.7992834931818
369,24417.310946845133,52624.153548486116,20066.806768766393,2891.728735902364
370,18087.91870384863,49000.70913718058,27244.904907665914,5666.467251304964
371,17815.22612862165,47257.87463599525,27671.371001513904,7255.528233869301
372,16101.37792372552,47759.588299933275,27811.314468684624,8327.719307656733
373,14219.275305195488,48584.94367599436,28072.975265204008,9122.805753606059
374,12625.060637637682,49279.03641637038,28356.16007411525,9739.742871876395
375,11338.19878979707,49817.73550992363,28611.739215247206,10232.32648503224
376,91452.29010250261,6794.156572795516,1532.2719305038631,221.28139419819303
377,24092.243203794205,52621.878937126945,19955.097691158924,3330.7801679202676
378,17882.895068561957,48739.97322980921,26895.744555274752,6481.387146354001
379,17601.514027274763,46871.69502496964,27246.712104370596,8280.078843385014
380,15915.022369022186,47261.28006046582,27332.728552657703,9490.969017854482
381,14061.705092598768,48001.39392969535,27549.460751336832,10387.440226369252
382,12488.575337003816,48632.69624024814,27796.40959230263,11082.31883044524
383,11216.87127964345,49123.398558806824,28022.983345122986,11636.746816426734
384,91207.78980007565,6981.051293916397,1555.8793791811493,255.27952682676263
385,23770.655135091572,52613.96041892542,19839.256465992094,3776.1279799907625
386,17677.912847351312,48477.84748181599,26546.81950760651,7297.420163226055
387,17388.209214961928,46485.857323163735,26824.4568517736,9301.476610100815
388,15728.877600891403,46765.257009252746,26858.30866905806,10647.556720797917
389,13904.194918729054,47421.7154452107,27031.611343962904,11642.478292097652
390,12352.133502154742,47991.46930634613,27243.53954169615,12412.857649803014
391,11095.610989043098,48435.202006968866,27442.092239719175,13027.094764268664
392,90957.63329844752,7172.024718297101,1579.4996570723195,290.8423261829397
393,23452.471215026326,52600.48081502465,19719.34215810325,4227.705811845686
394,17472.98139185957,48214.360248476296,26198.171836010253,8114.486523653923
395,17175.31304248967,46100.39138031121,26404.62695242959,10319.668624769576
396,15542.94390911556,46271.53624604254,26388.054161364485,11797.465683477034
397,13746.743560289446,46845.91150039539,26519.40373988218,12887.941199432942
398,12215.731907891599,47355.345612154975,26697.506737705502,13731.415742248046
399,10974.413933526397,47753.122547816616,26869.005481022443,14403.458037635075
400,93667.90189934579,5022.1363023413105,1288.933932066211,21.027866246740896
401,27045.74864891217,51428.61326385672,21145.228607199668,380.40948003123106
402,19423.933264061303,48729.178371312606,31058.409986585903,788.478378040207
403,19886.6901684642,46984.47827215883,32107.855963076836,1020.9755963000969
404,18333.484896689763,47932.481045843735,32556.145836633455,1177.8882208329221
405,16270.653275056913,49319.508643588146,33114.43102556829,1295.4070557869354
406,14436.15646726153,50498.202022390506,33678.07861588046,1387.5628944672333
407,12942.84486758327,51416.05049918533,34179.365090467414,1461.7395427639326
408,93469.29514059355,5174.822472865203,1312.6716387157944,43.210747825346836
409,26675.35036537208,51481.94743106077,21074.866481819157,767.8357217479817
410,19217.31434618956,48501.53668746339,30702.136547944105,1579.012418403099
411,19656.0582828612,46642.79803476234,31661.319292205844,2039.8243901705084
412,18126.459062323276,47476.84401509702,32046.512249852396,2350.1846727275392
413,16096.414067394233,48771.37525816363,32549.962991553526,2582.247682888491
414,14287.100954000049,49880.97344463579,33067.89036667173,2764.035234692371
415,12811.463105937499,50746.313129170674,33531.96491408238,2910.2588508092676
416,93265.51165932971,5331.331594872571,1336.5659867097586,66.59075908775756
417,26309.526690782168,51528.72089977065,20999.530391144206,1162.2220183028878
418,19010.630957993933,48272.33045389821,30345.519790708964,2371.518797398896
419,19425.931177626684,46300.89142011677,31216.692238308824,3056.485163947738
420,17919.790805357978,47022.763952757145,31540.586516375854,3516.858725508814
421,15922.287938505162,48226.36685142833,31990.819403933518,3860.525806132734
422,14138.090210001972,49268.07692629823,32464.378832007813,4129.454031691944
423,12680.145783066182,50081.88299186826,32892.34652531563,4345.624699749689
424,93056.45902720945,5491.724077697096,1360.6058108478908,91.21108424552057
425,25948.186848955775,51569.03004209858,20919.27302930244,1563.5100796430554
426,18803.894484682318,48041.58358010781,29988.607306087863,3165.9146291218563
427,19196.311322420916,45958.78820306337,30774.00308234096,4070.8973921746187
428,17713.4803555262,46570.26159347461,31038.37755240929,4677.880498589945
429,15748.274804435148,47684.49198425157,31436.987242181254,5130.245969131704
430,13989.121868995624,48659.51031186433,31867.51110188211,5483.856717257822
431,12548.888928669692,49422.74715050855,32260.459853105705,5767.904067716081
432,92842.04509385313,5656.059596525011,1384.7793224657134,117.11598715627022
433,25591.240523591736,51602.970897251944,20834.14848283533,1971.6400963208803
434,18597.116284241023,47809.32000526434,29631.44624145153,3962.1174690429725
435,18967.201187401828,45616.51792487517,30333.27964701746,5083.001240705445
436,17507.528025468666,46119.3573278835,30539.893791751347,5833.220854896418
437,15574.374655744037,47145.758902626774,30888.453115561413,6391.41332606783
438,13840.193622678977,48055.27120051418,31277.25404136071,6827.281135446347
439,12417.688583662757,48768.892532382386,31636.254756228875,7177.1641277261715
440,92622.17809751336,5824.3969885216275,1409.0740936875784,144.35082027763133
441,25238.59796179671,51630.639083572394,20744.21215277878,2386.550801852125
442,18390.30768433363,47575.563696308556,29274.083301826075,4760.045317531441
443,18738.60324555271,45274.109891083324,29894.549297654456,6092.737565709212
444,17301.93421141339,45670.07120358958,30045.14319024529,6982.851394751887
445,15400.587559318337,46610.17553867856,30345.203268525303,7644.033633477662
446,13691.303223529922,47455.35694674733,30693.57429564913,8159.765534073787
447,12286.540803266693,48120.30592932875,31019.681027344897,8573.472240059622
448,92396.76678013094,5996.794145316314,1433.4770418203143,172.96203273231637
449,24890.170070152253,51652.1297173956,20649.52067884061,2808.1795336113028
450,18183.47997942741,47340.338645928576,28916.56475133924,5559.616623304793
451,18510.519974977244,44931.59316937156,29457.83894307912,7100.047912572314
452,17096.69939387719,45222.42292615686,29554.133230240306,8126.744449725684
453,15226.913660203423,46077.74951166643,29807.223586096978,8888.11324203313
454,13542.448487662,46859.7646609755,30116.43829514415,9481.34855621809
455,12155.441660196651,47476.97399814338,30410.68839702315,9956.895944636555
456,92165.7205067451,6173.307901902646,1457.9744139248207,202.99717742714952
457,24545.86850362279,51667.537338428905,20550.131865689145,3236.462292259182
458,17976.644428139032,47103.66887043313,28558.93641462086,6360.750286806959
459,18282.95386116138,44588.99658753304,29023.17503660472,8104.874514700661
460,16891.824138390457,44776.43186009907,29066.8709250675,9264.873076443215
461,15053.353183456213,45548.48812897813,29274.499599245722,10123.659088319839
462,13393.627297726744,46268.49121007727,29545.812260469927,10792.069231725989
463,12024.387247944242,46838.88326090702,29809.22653774973,11327.502953398958
464,91928.94938920545,6353.993922022485,1482.551771604039,234.50491716774852
465,24205.605747604808,51676.955841339266,20446.1046113556,3671.333799700449
466,17769.812250793304,46865.57840752875,28201.243678163155,7163.365663514567
467,18055.907399206095,44246.348731495025,28590.583577075093,9107.16029222352
468,16687.30909624464,44332.117029870584,28583.36282352599,10397.211050358625
469,14879.906436018366,45022.39838711934,28747.01649024977,11350.67868661253
470,13244.837605861012,45681.53321791775,28981.662207497087,12091.966968724277
471,11893.373684156522,46206.020105233634,29215.24506791707,12685.36114269266
472,91686.3644141213,6538.906580120903,1507.1939760480955,267.535029709805
473,23869.295193408565,51680.478413261684,20337.49883775509,4112.727555574413
474,17562.994627187043,46626.09131400234,27843.531491640388,7967.382567170468
475,17829.383096030248,43903.67794340041,28160.090109971017,10106.848850598233
476,16483.15500526413,43889.497120861524,28103.615014382416,11523.73285949174
477,14706.573808609874,44499.48697269507,28224.75909804756,12569.180120647321
478,13096.077436680069,45098.887065834635,28423.95395234921,13381.081545136165
479,11762.39711411117,45578.370784441366,28628.69355579799,14030.538545649564
