,percentage_extremists,uncertainty_moderate,uncertainty_extremists,relative_difference_positive_negative_extrimists,intensity_interaction,embedding
0,0.1,0.2,0.2,0.0,0.2,0.10197419107832904
1,0.3,0.4,0.2,0.5,0.2,0.24307910914959593
2,0.25,0.2,0.05,0.5,0.3,0.12451822472481287
3,0.15,1.0,0.1,0.5,0.1,15.428005604518727
4,0.025,2.0,0.2,0.1,0.2,44.551612426866434
5,0.025,0.4,0.15,0.1,0.5,0.3389773170300985
6,0.05,1.2,0.2,0.3,0.4,200.4003700543282
7,0.2,1.6,0.2,0.3,0.5,14.841087876578245
8,0.25,0.2,0.05,0.3,0.1,0.1276967043343871
9,0.2,0.4,0.1,0.4,0.1,0.5110195163120694
10,0.2,0.2,0.2,0.0,0.2,0.12177138793307976
11,0.05,0.2,0.05,0.4,0.5,0.14579519558870258
12,0.05,1.2,0.1,0.5,0.4,62.18013009072698
13,0.3,1.0,0.15,0.0,0.2,92.28585609281495
14,0.1,2.0,0.1,0.5,0.3,6.881180601124862
15,0.05,0.6000000000000001,0.2,0.4,0.5,0.4994035794367826
16,0.1,2.0,0.05,0.5,0.2,14.946974778648217
17,0.3,1.4,0.2,0.2,0.3,191.7572780871536
18,0.25,0.4,0.1,0.0,0.2,0.6721364132670139
19,0.025,2.0,0.05,0.1,0.2,18.490327312241636
20,0.025,0.6000000000000001,0.15,0.0,0.4,0.6776953339431233
21,0.05,0.2,0.1,0.5,0.3,0.1460702340828701
22,0.1,0.4,0.1,0.0,0.4,0.33369163140682
23,0.15,1.8,0.15,0.5,0.4,9.604635981361373
24,0.025,1.6,0.05,0.1,0.3,87.10070399974369
25,0.1,1.0,0.15,0.5,0.2,34.06955047083605
26,0.25,0.2,0.05,0.5,0.5,0.14915134615406142
27,0.2,0.6000000000000001,0.15,0.2,0.4,5.406124737655828
28,0.3,1.6,0.15,0.3,0.1,9.39419630548221
29,0.05,1.6,0.05,0.3,0.2,41.6075227007913
30,0.025,0.2,0.2,0.0,0.1,0.13553287685374668
31,0.15,2.0,0.15,0.3,0.2,13.261191425572001
32,0.025,1.2,0.05,0.5,0.4,98.21473217584928
33,0.1,1.4,0.2,0.0,0.4,146.2085053431144
34,0.25,1.4,0.2,0.0,0.2,944.8957531752826
35,0.15,1.2,0.1,0.2,0.5,57.97900286313064
36,0.025,1.8,0.05,0.2,0.2,67.32152570365099
37,0.25,0.2,0.05,0.0,0.4,0.18457137133046692
38,0.05,1.6,0.15,0.2,0.5,111.06506873862327
39,0.05,1.8,0.05,0.3,0.3,13.342964949463349
40,0.3,1.0,0.2,0.5,0.2,9.190167329303547
41,0.2,1.0,0.05,0.4,0.5,16.830874028781018
42,0.3,1.8,0.2,0.3,0.1,7.762801949423974
43,0.3,0.4,0.05,0.0,0.2,0.7089416704093127
44,0.3,0.4,0.1,0.4,0.4,0.35510936981521246
45,0.2,1.4,0.2,0.1,0.5,159.83192855463776
46,0.025,1.0,0.15,0.0,0.1,146.97321329549214
47,0.15,0.6000000000000001,0.05,0.0,0.1,2.5509813030178297
48,0.25,1.8,0.1,0.1,0.5,78.74873532115176
49,0.3,1.6,0.1,0.1,0.5,375.01084076722884
50,0.05,0.2,0.15,0.3,0.4,0.13526700062228633
51,0.2,1.8,0.2,0.0,0.4,11.753699732937585
52,0.3,0.4,0.05,0.1,0.5,0.6028135722866632
53,0.025,1.0,0.15,0.1,0.1,298.1486611126574
54,0.15,0.6000000000000001,0.15,0.3,0.1,5.24232109604022
55,0.3,0.6000000000000001,0.05,0.5,0.2,10.179479692526446
56,0.3,1.6,0.1,0.3,0.4,8.36676018242085
57,0.025,1.4,0.1,0.2,0.2,101.98366653241644
58,0.25,0.6000000000000001,0.2,0.0,0.5,5.8184402283820615
59,0.1,0.6000000000000001,0.2,0.3,0.1,0.9065540014907795
60,0.25,0.8,0.15,0.1,0.3,30.488380588882723
61,0.05,0.8,0.1,0.4,0.3,78.08750441728091
62,0.25,1.6,0.05,0.3,0.3,8.00144808695271
63,0.15,0.6000000000000001,0.1,0.5,0.1,2.2388341273860504
64,0.2,0.8,0.2,0.1,0.4,69.90679348785987
65,0.025,0.2,0.05,0.4,0.2,0.10807493868245605
66,0.025,2.0,0.2,0.1,0.5,43.04755889832712
67,0.3,0.6000000000000001,0.05,0.1,0.4,77.70718524976238
68,0.2,1.8,0.05,0.2,0.1,12.090431104156918
69,0.2,1.8,0.2,0.5,0.3,9.385389376276107
70,0.15,1.4,0.15,0.0,0.4,76.27773121920559
71,0.05,2.0,0.1,0.1,0.4,30.93291016346027
72,0.025,0.6000000000000001,0.05,0.1,0.5,0.5591299963095621
73,0.025,0.8,0.2,0.0,0.2,254.58623197079086
74,0.15,0.2,0.15,0.5,0.5,0.10483814144930956
75,0.1,1.0,0.2,0.1,0.1,46.44834794697033
76,0.05,2.0,0.15,0.3,0.2,27.923655799742416
77,0.2,0.8,0.1,0.2,0.1,51.19005462691842
78,0.2,2.0,0.2,0.5,0.5,6.1413208344312205
79,0.15,0.8,0.05,0.2,0.3,477.3404688302345
80,0.15,1.0,0.05,0.3,0.4,17.73043797513145
81,0.025,0.8,0.2,0.1,0.1,50.1480547157511
82,0.05,1.2,0.1,0.2,0.4,1790.6023901409442
83,0.05,0.2,0.2,0.4,0.3,0.10988441014316166
84,0.3,1.0,0.05,0.2,0.4,18.269869452175655
85,0.05,1.2,0.05,0.2,0.3,617.6055092010043
86,0.15,2.0,0.2,0.1,0.1,22.87530192660012
87,0.025,1.8,0.15,0.3,0.3,61.40751977306244
88,0.15,1.8,0.05,0.1,0.2,17.28918603532708
89,0.25,1.2,0.2,0.5,0.3,11.957789173015076
90,0.3,0.2,0.05,0.5,0.3,0.23009281304959986
91,0.025,2.0,0.2,0.4,0.1,24.131102453955886
92,0.025,1.8,0.1,0.1,0.2,29.85470799965701
93,0.3,0.2,0.1,0.5,0.5,0.12475338440231784
94,0.1,0.2,0.2,0.4,0.3,0.13766429432115418
95,0.025,0.2,0.05,0.3,0.1,0.10464085851386933
96,0.25,1.8,0.15,0.4,0.5,13.212488427619594
97,0.15,1.4,0.2,0.2,0.2,56.19316345097147
98,0.025,1.0,0.2,0.1,0.2,792.973331883399
99,0.15,1.0,0.05,0.0,0.5,252.38039654633468
100,0.2,1.4,0.2,0.1,0.4,50.47523667064168
101,0.25,0.6000000000000001,0.1,0.5,0.1,14.994388695678978
102,0.025,1.8,0.05,0.4,0.1,37.0788240941496
103,0.15,0.6000000000000001,0.2,0.3,0.2,2.2625760248749267
104,0.025,0.2,0.2,0.4,0.3,0.11877022975980894
105,0.05,1.0,0.2,0.5,0.4,683.0269419826424
106,0.15,1.2,0.15,0.1,0.2,97.15301075234558
107,0.1,0.8,0.15,0.3,0.5,67.62614976802644
108,0.1,1.0,0.05,0.1,0.2,137.79385794065047
109,0.3,1.0,0.05,0.5,0.5,8.968244904524152
110,0.3,2.0,0.2,0.2,0.1,21.41767826374465
111,0.15,2.0,0.15,0.4,0.1,11.38140583758127
112,0.25,1.6,0.15,0.0,0.2,36.17034740192645
113,0.2,1.8,0.05,0.2,0.5,22.000003303902343
114,0.1,1.6,0.15,0.3,0.1,32.35188405001948
115,0.1,1.6,0.05,0.4,0.1,16.9457574720968
116,0.1,1.0,0.2,0.4,0.4,42.95191059775141
117,0.25,1.8,0.05,0.0,0.2,7.602886250045865
118,0.3,0.2,0.05,0.1,0.1,0.20625293161770694
119,0.25,0.6000000000000001,0.2,0.2,0.4,5.611814599561595
120,0.1,1.8,0.2,0.5,0.4,13.063337932812397
121,0.3,1.0,0.2,0.5,0.1,7.936716083473326
122,0.3,1.6,0.05,0.0,0.3,24.530204995026764
123,0.15,0.6000000000000001,0.2,0.5,0.2,2.0760835766981027
124,0.2,2.0,0.2,0.4,0.5,7.770180606979837
125,0.05,1.8,0.15,0.1,0.4,425.73120514204135
126,0.05,1.8,0.15,0.2,0.1,133.6200833399787
127,0.3,1.8,0.2,0.5,0.5,4.947166159800519
128,0.025,2.0,0.1,0.1,0.1,43.68496425974265
129,0.05,1.2,0.05,0.5,0.3,34.724890999732686
130,0.15,0.6000000000000001,0.1,0.1,0.3,1.246150545675326
131,0.025,1.0,0.1,0.1,0.5,319.3625535957328
132,0.2,2.0,0.05,0.1,0.5,30.761737319422696
133,0.3,1.4,0.15,0.3,0.2,10.953908883805033
134,0.025,1.6,0.1,0.0,0.1,70.8030122326064
135,0.25,1.8,0.1,0.5,0.2,4.425478237972812
136,0.025,2.0,0.15,0.0,0.4,50.776092031635656
137,0.025,1.4,0.1,0.2,0.4,55.75470540732362
138,0.1,1.6,0.15,0.1,0.3,85.0609161744285
139,0.1,2.0,0.05,0.4,0.4,19.788175679323455
140,0.025,1.8,0.05,0.5,0.3,13.807650487541482
141,0.025,1.8,0.1,0.3,0.4,48.699634200704814
142,0.1,0.6000000000000001,0.2,0.3,0.4,0.5111743532879373
143,0.3,2.0,0.05,0.1,0.4,29.00524490606484
144,0.2,2.0,0.05,0.0,0.1,29.98816794604904
145,0.1,1.6,0.05,0.5,0.2,16.663017328791483
146,0.1,1.8,0.1,0.1,0.3,75.3779339554916
147,0.25,1.8,0.15,0.4,0.2,5.896075893335446
148,0.15,1.0,0.1,0.2,0.2,31.357863998179607
149,0.05,2.0,0.1,0.3,0.4,29.57864544668361
150,0.1,0.8,0.05,0.5,0.2,30.311036651563395
151,0.15,1.2,0.2,0.0,0.5,3788.1695177639494
152,0.025,2.0,0.05,0.5,0.5,31.70615326007708
153,0.025,0.4,0.1,0.1,0.3,0.428380148595033
154,0.1,0.6000000000000001,0.15,0.4,0.1,1.0694289049623797
155,0.3,0.8,0.1,0.0,0.4,1303.8191250529503
156,0.2,1.4,0.2,0.2,0.5,28.016453516790833
157,0.025,0.6000000000000001,0.05,0.3,0.3,0.9080650495032547
158,0.1,0.4,0.1,0.2,0.2,0.3793101543038932
159,0.025,0.6000000000000001,0.1,0.1,0.4,0.4577588068232508
160,0.05,0.6000000000000001,0.15,0.0,0.1,0.47413246314530305
161,0.025,0.6000000000000001,0.1,0.4,0.1,0.41524700503603235
162,0.05,0.2,0.15,0.5,0.5,0.15545924819443024
163,0.3,1.0,0.1,0.1,0.3,49.091428259700365
164,0.15,2.0,0.1,0.0,0.3,78.59747750390184
165,0.1,1.2,0.1,0.1,0.4,802.8342294127344
166,0.025,0.4,0.2,0.0,0.5,0.3058160340798169
167,0.025,1.6,0.2,0.4,0.4,38.78579328366815
168,0.3,1.6,0.1,0.2,0.5,19.827675553839104
169,0.025,1.8,0.15,0.4,0.3,31.06465019609172
170,0.05,0.8,0.2,0.4,0.5,78.16651521857814
171,0.15,0.4,0.2,0.3,0.3,0.46863933684773945
172,0.3,1.2,0.05,0.2,0.5,20.956576513587997
173,0.05,2.0,0.05,0.4,0.1,17.21554783216146
174,0.3,1.8,0.15,0.5,0.4,4.284112820284382
175,0.15,0.4,0.15,0.3,0.3,0.32581290837977267
176,0.15,1.2,0.05,0.1,0.3,200.06500101999308
177,0.05,1.8,0.15,0.0,0.5,165.76430551978422
178,0.3,1.2,0.2,0.2,0.4,15.830711165753158
179,0.3,0.6000000000000001,0.15,0.5,0.3,8.055061231536262
180,0.025,0.8,0.15,0.3,0.5,50.542377148101245
181,0.1,1.8,0.15,0.2,0.5,722.1632388604405
182,0.3,1.2,0.15,0.2,0.4,16.44023509116019
183,0.15,1.6,0.1,0.4,0.4,18.660123891701446
184,0.05,1.8,0.05,0.2,0.3,78.83250794998139
185,0.025,0.6000000000000001,0.05,0.4,0.1,0.5894958417323511
186,0.1,0.8,0.1,0.3,0.5,109.6593625043299
187,0.025,1.8,0.05,0.2,0.4,23.669677726736534
188,0.1,1.0,0.05,0.5,0.5,26.80917689386335
189,0.25,1.4,0.05,0.4,0.4,5.46523613650488
190,0.025,1.2,0.1,0.2,0.2,63.73489052721728
191,0.3,1.8,0.05,0.0,0.1,38.678952570245094
192,0.05,1.4,0.15,0.0,0.1,119.85103054475807
193,0.15,0.4,0.05,0.4,0.1,0.46741300778986666
194,0.2,0.6000000000000001,0.05,0.5,0.1,1.1043692656937572
195,0.3,1.0,0.2,0.5,0.5,9.592336604852784
196,0.05,0.6000000000000001,0.15,0.1,0.4,2.1562340506854256
197,0.1,2.0,0.2,0.3,0.4,20.599324420552385
198,0.3,0.8,0.15,0.0,0.3,285.0227278575195
199,0.2,1.6,0.2,0.1,0.2,21.585242895614456
200,0.025,1.4,0.15,0.1,0.1,83.7008924699781
201,0.05,1.2,0.15,0.2,0.3,173.19214066887497
202,0.1,1.6,0.05,0.2,0.4,100.3072420318817
203,0.1,1.0,0.1,0.4,0.2,42.80847657370742
204,0.15,0.2,0.15,0.4,0.2,0.11530854773366107
205,0.1,2.0,0.15,0.2,0.3,37.90975881980527
206,0.15,1.6,0.05,0.4,0.3,11.880777880697597
207,0.3,1.4,0.2,0.3,0.2,11.46029619069784
208,0.3,1.0,0.2,0.3,0.3,14.212258826502067
209,0.1,2.0,0.15,0.3,0.5,34.94234170606544
210,0.05,1.6,0.15,0.1,0.1,82.04920693184425
211,0.025,0.4,0.05,0.3,0.5,0.34865677023157443
212,0.025,0.8,0.05,0.3,0.3,53.28311336401966
213,0.25,0.6000000000000001,0.1,0.3,0.5,18.081485919623187
214,0.025,2.0,0.1,0.5,0.2,224.12820248511548
215,0.1,0.2,0.05,0.1,0.3,0.1259193883233704
216,0.15,0.2,0.15,0.5,0.3,0.13355324298527305
217,0.25,1.4,0.05,0.4,0.1,9.474775000580932
218,0.15,0.6000000000000001,0.15,0.5,0.1,2.2929496423048
219,0.3,0.8,0.1,0.5,0.4,8.63825438684449
220,0.15,1.8,0.15,0.4,0.5,11.980976983782892
221,0.2,1.8,0.05,0.4,0.4,5.197901985715817
222,0.1,1.0,0.1,0.0,0.4,108.49711392724349
223,0.1,0.2,0.2,0.2,0.3,0.13352272210262206
224,0.025,1.4,0.05,0.3,0.3,33.975670621347845
225,0.025,0.2,0.15,0.4,0.3,0.13828281075592758
226,0.2,0.2,0.15,0.2,0.2,0.09887575429621355
227,0.2,1.2,0.1,0.1,0.1,44.893248530889295
228,0.025,1.8,0.1,0.5,0.1,142.49339118204344
229,0.3,1.4,0.2,0.2,0.1,27.037411893169057
230,0.15,1.8,0.1,0.2,0.2,9.114665089222816
231,0.025,1.2,0.2,0.1,0.5,531.8843771855852
232,0.05,1.4,0.1,0.1,0.2,336.1241187437429
233,0.05,1.0,0.05,0.3,0.5,97.0203303879739
234,0.025,1.8,0.15,0.0,0.3,59.5141683459447
235,0.025,0.4,0.15,0.4,0.2,0.22333193903397783
236,0.025,1.4,0.15,0.4,0.2,604.2484570491572
237,0.2,0.8,0.05,0.3,0.2,29.12668871174855
238,0.2,2.0,0.1,0.5,0.4,6.831351924067494
239,0.2,1.8,0.1,0.2,0.5,13.080098831005937
240,0.15,2.0,0.1,0.0,0.1,14.516169646502297
241,0.1,1.8,0.05,0.1,0.2,70.96484854079792
242,0.2,1.2,0.1,0.5,0.5,11.183995720179135
243,0.25,0.4,0.1,0.1,0.4,0.6092859841762782
244,0.15,0.8,0.1,0.2,0.4,74.686270662139
245,0.2,1.8,0.2,0.4,0.2,18.458536200149656
246,0.1,1.2,0.15,0.0,0.1,88.60592163200391
247,0.3,1.6,0.2,0.2,0.3,14.819666468486892
248,0.05,1.4,0.05,0.5,0.3,25.111858212154942
249,0.15,1.2,0.2,0.3,0.4,40.93173426855693
250,0.25,1.4,0.1,0.5,0.2,6.087167898598448
251,0.1,1.0,0.1,0.2,0.3,392.5641775122291
252,0.025,1.4,0.2,0.0,0.4,140.88533157450294
253,0.1,1.2,0.05,0.5,0.2,12.329264085372726
254,0.3,1.2,0.1,0.5,0.3,8.40081745677069
255,0.1,1.0,0.05,0.2,0.2,57.81538007353032
256,0.3,1.6,0.05,0.4,0.3,6.314529183651297
257,0.025,0.2,0.15,0.3,0.2,0.13830166521532064
258,0.3,1.0,0.1,0.2,0.4,20.492298667888733
259,0.25,0.6000000000000001,0.1,0.5,0.2,13.387639845824316
260,0.25,0.8,0.2,0.5,0.3,14.383507795583757
261,0.1,1.2,0.2,0.4,0.1,27.48133948456881
262,0.2,1.4,0.2,0.5,0.4,13.3850798670003
263,0.15,1.0,0.2,0.3,0.4,41.158731224836956
264,0.15,1.4,0.15,0.4,0.3,19.671027295773527
265,0.15,1.4,0.05,0.4,0.3,28.35503585152979
266,0.3,1.2,0.05,0.5,0.1,8.630040011511092
267,0.3,0.2,0.1,0.1,0.1,0.1324343954112897
268,0.1,0.8,0.2,0.4,0.3,119.70969950530369
269,0.25,0.6000000000000001,0.05,0.1,0.5,69.0949047134538
270,0.025,0.6000000000000001,0.15,0.5,0.5,0.49920220814057825
271,0.05,0.8,0.05,0.2,0.1,517.2672686676602
272,0.15,2.0,0.05,0.0,0.4,10.920390351255561
273,0.025,1.0,0.1,0.3,0.2,149.3019562077585
274,0.3,0.6000000000000001,0.1,0.5,0.3,10.900388850616345
275,0.3,0.4,0.1,0.4,0.1,0.34917076723458895
276,0.3,0.2,0.05,0.0,0.2,0.18737441802646923
277,0.25,0.8,0.05,0.1,0.3,43.62140257837307
278,0.3,0.6000000000000001,0.05,0.4,0.5,12.420306426181526
279,0.15,1.6,0.2,0.5,0.4,11.449859802470499
280,0.15,1.8,0.2,0.2,0.3,40.24715070634689
281,0.25,1.4,0.15,0.1,0.2,37.41382574318024
282,0.2,0.2,0.15,0.5,0.2,0.11978448716186581
283,0.2,1.4,0.1,0.4,0.1,7.596353353979833
284,0.05,0.8,0.15,0.4,0.1,56.6044514985226
285,0.15,0.8,0.1,0.2,0.3,22.928887672193905
286,0.25,1.8,0.1,0.1,0.3,21.862631765681385
287,0.025,1.4,0.1,0.1,0.5,17411.484149950214
288,0.05,1.4,0.2,0.0,0.2,493.1315052376009
289,0.025,0.6000000000000001,0.1,0.1,0.3,0.5669425509002058
290,0.2,1.8,0.1,0.2,0.1,9.095173262649316
291,0.05,1.0,0.2,0.3,0.1,51.659792574504856
292,0.05,0.8,0.1,0.4,0.5,426.8988407054448
293,0.025,1.6,0.05,0.2,0.3,85.53993740033842
294,0.15,1.4,0.15,0.3,0.4,20.15236042207594
295,0.3,0.6000000000000001,0.15,0.4,0.1,12.01890837418494
296,0.15,1.2,0.2,0.3,0.2,38.09449898459978
297,0.3,0.2,0.05,0.4,0.5,0.11968926175056777
298,0.05,0.2,0.05,0.3,0.5,0.12490278790110122
299,0.3,0.4,0.05,0.3,0.2,0.6268264619724241
300,0.1,0.8,0.05,0.1,0.4,2026.5720629577138
301,0.2,0.8,0.2,0.2,0.1,51.82731501208329
302,0.05,1.4,0.15,0.0,0.2,19.011171760081137
303,0.15,1.8,0.2,0.1,0.3,61.6655597799728
304,0.25,1.6,0.15,0.0,0.4,94.51680265675276
305,0.025,0.6000000000000001,0.15,0.0,0.1,0.6583997198343711
306,0.3,2.0,0.2,0.2,0.3,19.106635578486113
307,0.1,0.4,0.2,0.1,0.5,0.26068755841101127
308,0.25,1.8,0.1,0.0,0.2,35.595777561704644
309,0.3,0.4,0.05,0.3,0.3,0.6163278058531578
310,0.05,0.4,0.15,0.5,0.4,0.3171559892054866
311,0.025,1.4,0.15,0.5,0.4,55.66615948232814
312,0.2,0.2,0.15,0.2,0.4,0.13233281336356706
313,0.2,0.8,0.2,0.3,0.2,28.12808857942893
314,0.025,1.6,0.15,0.5,0.2,255.4361482366065
315,0.1,1.2,0.1,0.0,0.1,154.7676097256084
316,0.25,0.8,0.05,0.2,0.1,109.69500474125032
317,0.05,0.4,0.1,0.5,0.5,0.5438628847905389
318,0.25,0.2,0.05,0.0,0.2,0.13926684638046063
319,0.15,1.2,0.2,0.1,0.1,55.55778734868919
320,0.025,0.2,0.1,0.2,0.2,0.13681873784581133
321,0.25,2.0,0.05,0.3,0.5,9.422958050725205
322,0.05,0.8,0.15,0.2,0.1,165.98781415239316
323,0.05,0.6000000000000001,0.15,0.0,0.4,0.5156105904260495
324,0.15,1.6,0.1,0.2,0.4,265.10996985302995
325,0.25,1.2,0.1,0.4,0.4,11.583626634427238
326,0.2,1.8,0.05,0.2,0.2,14.921057926963998
327,0.3,0.2,0.2,0.5,0.2,0.11949721804724003
328,0.3,1.6,0.1,0.5,0.4,7.058625857928772
329,0.025,0.8,0.05,0.4,0.1,106.65363173998789
330,0.2,2.0,0.15,0.3,0.4,8.966892025228885
331,0.2,2.0,0.15,0.1,0.4,27.061356152111337
332,0.05,1.2,0.1,0.1,0.5,415.27901602244873
333,0.1,0.4,0.2,0.5,0.1,0.2783272838390817
334,0.15,1.6,0.15,0.0,0.1,100.61555004413175
335,0.025,1.0,0.1,0.0,0.4,78.61645982479205
336,0.3,1.6,0.1,0.2,0.3,130.34874369715666
337,0.3,1.8,0.15,0.0,0.3,41.80451723093597
338,0.15,1.0,0.1,0.3,0.1,29.235584894154535
339,0.15,1.4,0.2,0.3,0.3,17.73173277438593
340,0.025,0.2,0.15,0.3,0.1,0.1242344440959379
341,0.25,0.6000000000000001,0.1,0.1,0.4,197.38228658889747
342,0.15,2.0,0.2,0.4,0.1,13.628626845055466
343,0.05,2.0,0.1,0.0,0.1,62.080918654432985
344,0.05,1.6,0.05,0.1,0.5,189.17419246952207
345,0.2,1.2,0.2,0.3,0.3,16.76258112366378
346,0.25,1.2,0.2,0.2,0.3,15.936212278808906
347,0.15,1.6,0.05,0.5,0.2,8.206207553195394
348,0.025,1.2,0.05,0.3,0.1,307.5528436494055
349,0.05,1.0,0.05,0.4,0.3,137.98205631572148
350,0.3,2.0,0.1,0.0,0.3,305.8958368788984
351,0.05,0.2,0.1,0.5,0.2,0.12397351149579895
352,0.1,0.6000000000000001,0.15,0.4,0.5,1.020060121721882
353,0.3,1.4,0.15,0.1,0.5,28.19112966013491
354,0.025,1.8,0.05,0.3,0.2,163.38971440470664
355,0.05,1.6,0.05,0.2,0.2,26.620061788167053
356,0.25,0.8,0.2,0.5,0.4,10.816115967446313
357,0.3,1.0,0.1,0.1,0.5,64.55623442259834
358,0.15,1.8,0.1,0.5,0.2,7.857020128954686
359,0.15,0.6000000000000001,0.05,0.3,0.5,2.411598954070844
360,0.15,1.0,0.1,0.2,0.5,55.803525357962705
361,0.1,2.0,0.1,0.0,0.3,362.08342385390733
362,0.3,0.4,0.15,0.2,0.3,0.4621314127467449
363,0.3,1.4,0.1,0.1,0.1,54.19854469505925
364,0.25,0.6000000000000001,0.05,0.5,0.2,12.265116612520478
365,0.05,0.8,0.15,0.3,0.5,71.86937502717417
366,0.25,1.4,0.1,0.3,0.2,12.039175687312834
367,0.25,0.8,0.2,0.1,0.1,588.2776949380686
368,0.1,0.4,0.2,0.2,0.1,0.3352208423025882
369,0.25,0.2,0.15,0.1,0.2,0.1226180924273892
370,0.1,1.6,0.15,0.3,0.4,31.466921734691475
371,0.1,1.8,0.15,0.1,0.1,11.424812362833322
372,0.2,1.0,0.15,0.2,0.5,43.87272563306592
373,0.3,1.6,0.1,0.4,0.1,6.811297866112894
374,0.2,0.4,0.2,0.4,0.5,0.5255888177832811
375,0.25,1.0,0.05,0.0,0.1,127.16521607714047
376,0.3,1.2,0.1,0.3,0.4,13.873322756613337
377,0.025,0.6000000000000001,0.2,0.2,0.2,0.5279470033838011
378,0.025,1.8,0.05,0.0,0.1,30.148839013731145
379,0.1,1.8,0.1,0.5,0.3,9.727013557957125
380,0.3,2.0,0.15,0.4,0.2,5.091709860534153
381,0.3,0.6000000000000001,0.2,0.4,0.5,11.70262058844589
382,0.15,1.6,0.15,0.5,0.4,9.790174319575875
383,0.25,1.2,0.05,0.4,0.3,15.48256236365768
384,0.05,1.6,0.15,0.2,0.4,66.43511804682517
385,0.1,0.6000000000000001,0.1,0.3,0.3,0.6517412448606648
386,0.025,0.8,0.15,0.4,0.3,772.9339547342634
387,0.3,2.0,0.15,0.2,0.2,8.76482501315776
388,0.2,1.8,0.1,0.3,0.4,12.832411600242008
389,0.15,1.6,0.2,0.1,0.2,12.274796103214609
390,0.3,0.2,0.15,0.2,0.1,0.0744977399165998
391,0.15,1.8,0.05,0.5,0.1,9.108358362777809
392,0.15,1.8,0.1,0.0,0.4,25.04265802870904
393,0.1,0.6000000000000001,0.1,0.5,0.1,1.1170068166779445
394,0.15,0.4,0.15,0.4,0.3,0.4841765566469711
395,0.025,0.8,0.2,0.5,0.1,75.88493640753082
396,0.05,0.4,0.05,0.4,0.5,0.3281524040413069
397,0.1,0.4,0.15,0.4,0.5,0.3891093276139779
398,0.2,1.8,0.15,0.0,0.4,100.29389573019617
399,0.1,0.2,0.05,0.4,0.3,0.12974513274577415
400,0.2,0.8,0.2,0.2,0.2,49.982924607689114
401,0.05,1.8,0.1,0.0,0.3,11.166439134345248
402,0.05,1.0,0.05,0.2,0.1,145.06075337206838
403,0.025,2.0,0.15,0.5,0.5,181.09204122595582
404,0.1,0.8,0.05,0.3,0.5,73.2555005898559
405,0.05,0.8,0.05,0.3,0.4,858.9339015966665
406,0.05,1.0,0.1,0.4,0.2,46.158186628964046
407,0.05,1.8,0.1,0.3,0.5,38.617771613743464
408,0.1,1.0,0.2,0.0,0.1,248.41878236036575
409,0.025,1.6,0.2,0.4,0.2,4946.739965808506
410,0.05,0.4,0.15,0.1,0.5,0.6557446944430649
411,0.025,1.6,0.15,0.0,0.2,2614.4065363146515
412,0.2,2.0,0.2,0.1,0.3,374.94299824166535
413,0.3,1.4,0.1,0.3,0.2,8.643528012292705
414,0.15,1.4,0.1,0.0,0.5,210.04415101190824
415,0.05,1.2,0.05,0.4,0.2,45.74241847845506
416,0.3,1.6,0.15,0.5,0.1,6.782928754716054
417,0.25,1.2,0.1,0.0,0.4,17.37016896669067
418,0.1,1.8,0.15,0.3,0.5,25.94321220001916
419,0.25,0.4,0.2,0.4,0.2,0.5145560242350253
420,0.3,0.4,0.2,0.4,0.2,0.34558734286357373
421,0.15,1.4,0.1,0.1,0.5,37.74511536603563
422,0.1,0.2,0.1,0.5,0.4,0.1684968487482599
423,0.15,0.8,0.15,0.3,0.4,38.02306790312719
424,0.15,2.0,0.2,0.5,0.5,6.19367321060724
425,0.025,0.8,0.2,0.2,0.5,256.04719762985616
426,0.025,1.6,0.1,0.1,0.5,36.93030542207606
427,0.025,1.0,0.15,0.1,0.2,265.7959786510202
428,0.15,0.2,0.15,0.1,0.5,0.1553174435832691
429,0.025,1.0,0.1,0.0,0.1,2151.511574424195
430,0.2,0.6000000000000001,0.15,0.1,0.3,1.1622516596794163
431,0.25,0.4,0.1,0.0,0.5,0.6049350677281644
432,0.05,1.6,0.05,0.3,0.3,16.061032571569665
433,0.25,0.2,0.2,0.5,0.3,0.12627700584379248
434,0.05,0.8,0.1,0.5,0.5,54.22960228201738
435,0.3,1.6,0.15,0.0,0.5,61.58862555196262
436,0.05,1.0,0.15,0.3,0.1,151.84661787211877
437,0.15,1.8,0.15,0.2,0.2,9.755735432915195
438,0.025,1.0,0.2,0.2,0.1,287.1891159876901
439,0.025,0.4,0.05,0.3,0.1,0.3526787620771119
440,0.3,1.6,0.1,0.3,0.1,7.528205012008694
441,0.05,1.6,0.05,0.4,0.4,29.77399409325716
442,0.025,2.0,0.1,0.3,0.1,60.843811823115615
443,0.025,0.2,0.1,0.5,0.1,0.14902993369637957
444,0.025,1.2,0.05,0.1,0.3,473.8085513531923
445,0.15,0.2,0.15,0.0,0.5,0.11934849427532875
446,0.1,0.8,0.15,0.0,0.1,173.92695020645417
447,0.15,1.0,0.1,0.0,0.1,96.59070054810681
448,0.05,1.6,0.2,0.4,0.2,55.260397110196884
449,0.3,0.8,0.05,0.2,0.5,26.75217838671478
450,0.2,1.2,0.15,0.3,0.5,29.988060727469975
451,0.05,1.0,0.15,0.1,0.3,356.41966049419284
452,0.15,1.6,0.15,0.2,0.3,64.26989988817739
453,0.025,1.2,0.2,0.4,0.4,253.0781159383097
454,0.3,2.0,0.2,0.5,0.4,4.931553002188851
455,0.15,2.0,0.1,0.3,0.5,12.964692359542203
456,0.05,2.0,0.1,0.1,0.1,179.8441595714364
457,0.05,0.6000000000000001,0.15,0.3,0.5,0.6971020465514687
458,0.25,1.2,0.05,0.5,0.5,6.709066019012461
459,0.05,1.0,0.05,0.1,0.2,36.07269818652667
460,0.05,1.0,0.05,0.5,0.3,53.70218164755349
461,0.25,1.8,0.2,0.5,0.5,6.316737899888926
462,0.2,0.2,0.15,0.1,0.2,0.09503464686823163
463,0.15,1.2,0.2,0.0,0.1,70.39780830519898
464,0.3,1.4,0.2,0.3,0.3,27.76699953368472
465,0.3,1.8,0.05,0.3,0.2,10.483113372926587
466,0.05,0.2,0.2,0.5,0.3,0.11333336065473663
467,0.025,0.2,0.15,0.5,0.3,0.1351711160233898
468,0.25,0.2,0.1,0.1,0.2,0.12395342937486102
469,0.15,1.2,0.15,0.4,0.2,21.03857900374647
470,0.25,2.0,0.1,0.1,0.2,19.206135699801155
471,0.15,0.4,0.15,0.2,0.5,0.4052313494984153
472,0.025,0.8,0.15,0.1,0.3,134.27273325147004
473,0.3,0.4,0.15,0.0,0.1,0.6135646729006902
474,0.2,1.8,0.15,0.4,0.5,15.271833293091232
475,0.25,1.4,0.2,0.5,0.4,11.400727199189332
476,0.1,2.0,0.1,0.1,0.1,23.599983854305155
477,0.025,0.6000000000000001,0.1,0.5,0.2,0.4822039968485338
478,0.3,1.0,0.05,0.2,0.1,18.703314448607383
479,0.05,1.6,0.1,0.1,0.4,29.682738135433873
480,0.2,1.6,0.1,0.0,0.5,32.392955704913234
481,0.3,1.8,0.15,0.0,0.1,2264.131089112257
482,0.25,1.0,0.2,0.1,0.4,89.91652705500715
483,0.025,0.6000000000000001,0.1,0.2,0.5,0.4937640787776602
484,0.3,1.4,0.05,0.1,0.2,65.9931145232162
485,0.3,0.8,0.2,0.5,0.4,10.483471714108159
486,0.3,0.8,0.1,0.2,0.5,36.901657665384086
487,0.25,0.6000000000000001,0.05,0.5,0.4,18.339265273413776
488,0.1,1.6,0.2,0.5,0.3,14.71110849381981
489,0.2,0.2,0.15,0.4,0.3,0.13311432467799134
490,0.25,2.0,0.2,0.3,0.4,11.147717401624865
491,0.15,0.2,0.15,0.3,0.1,0.12176200393696486
492,0.05,1.0,0.2,0.2,0.3,119.52168839153772
493,0.3,0.4,0.15,0.5,0.3,0.34582818222033956
494,0.3,1.4,0.1,0.5,0.1,5.977902920758123
495,0.05,2.0,0.05,0.1,0.1,116.9923129638926
496,0.3,1.8,0.1,0.0,0.4,213.46407146314027
497,0.25,1.6,0.05,0.0,0.3,51.13982866423162
498,0.1,2.0,0.1,0.3,0.5,31.996268136222895
499,0.1,0.4,0.1,0.4,0.1,0.3677522273172254
500,0.1,0.2,0.2,0.3,0.4,0.10865538060079366
501,0.3,0.6000000000000001,0.2,0.0,0.5,5.739285714501426
502,0.025,2.0,0.15,0.5,0.4,54.42179380996821
503,0.3,0.6000000000000001,0.05,0.5,0.1,9.939967652453413
504,0.3,1.0,0.05,0.5,0.1,7.536035797640105
505,0.025,0.6000000000000001,0.2,0.5,0.1,0.576648344160842
506,0.05,0.4,0.1,0.1,0.1,0.3977566968931174
507,0.1,0.8,0.2,0.2,0.4,57.96159060089533
508,0.1,2.0,0.05,0.1,0.3,9.831317985953833
509,0.025,0.2,0.2,0.2,0.4,0.10643596789363076
510,0.25,1.6,0.15,0.2,0.1,10.601452826832208
511,0.1,0.4,0.05,0.3,0.4,0.3619657325415484
512,0.05,0.6000000000000001,0.05,0.3,0.5,0.617618635904443
513,0.2,0.6000000000000001,0.1,0.1,0.3,2.922811254877072
514,0.25,0.6000000000000001,0.05,0.3,0.2,5.879533072360088
515,0.1,1.6,0.2,0.5,0.1,14.072615836712863
516,0.15,0.6000000000000001,0.1,0.3,0.3,1.2040756893219502
517,0.025,0.2,0.15,0.2,0.1,0.12258420305604241
518,0.25,0.2,0.1,0.5,0.5,0.1135379646574107
519,0.2,0.6000000000000001,0.2,0.3,0.2,5.436040529567054
520,0.2,1.2,0.1,0.1,0.2,52.656499160128696
521,0.025,0.8,0.15,0.5,0.4,77.41210491233137
522,0.1,0.2,0.15,0.2,0.3,0.10962096805823253
523,0.15,0.8,0.05,0.2,0.4,28.0852647602642
524,0.3,0.2,0.1,0.4,0.2,0.10995876556312567
525,0.025,1.0,0.05,0.5,0.4,101.03832357620783
526,0.3,0.4,0.15,0.3,0.5,0.2655001212899869
527,0.05,1.8,0.15,0.3,0.1,41.025261762331944
528,0.1,1.0,0.15,0.1,0.4,118.73727452712308
529,0.15,1.2,0.2,0.4,0.5,17.70881594915242
530,0.15,0.2,0.1,0.5,0.4,0.1296840008079835
531,0.1,2.0,0.2,0.5,0.5,14.009497472040065
532,0.3,0.6000000000000001,0.2,0.4,0.4,10.789736795597515
533,0.25,0.4,0.1,0.5,0.5,0.5737786841003135
534,0.25,1.4,0.2,0.2,0.5,17.312802363930203
535,0.025,0.2,0.15,0.0,0.1,0.12568399960731977
536,0.2,0.6000000000000001,0.2,0.5,0.2,2.3990848985428257
537,0.3,1.6,0.2,0.0,0.2,21.434789388319057
538,0.25,0.4,0.05,0.3,0.3,0.6547242681962903
539,0.1,1.2,0.2,0.0,0.2,1835.0907129833408
540,0.05,1.8,0.15,0.5,0.2,20.93401207267564
541,0.2,0.2,0.2,0.3,0.2,0.12208869363215666
542,0.2,0.2,0.15,0.1,0.1,0.10873793378471189
543,0.1,0.2,0.2,0.3,0.1,0.08406026759156443
544,0.1,0.2,0.15,0.4,0.1,0.16032412190577094
545,0.1,0.6000000000000001,0.1,0.5,0.5,0.5342703644556093
546,0.1,1.8,0.2,0.0,0.3,187.5450059215391
547,0.3,1.2,0.15,0.5,0.4,7.382382948760907
548,0.2,1.0,0.15,0.3,0.1,19.808662187300364
549,0.2,1.2,0.1,0.5,0.3,23.87352606371501
550,0.25,1.2,0.2,0.1,0.3,40.12276347669586
551,0.2,1.0,0.2,0.3,0.1,18.86071049266278
552,0.25,1.4,0.2,0.0,0.5,116.0206261874363
553,0.1,1.6,0.1,0.0,0.5,603.2095979019356
554,0.025,0.8,0.2,0.3,0.3,46.67182434569461
555,0.025,1.6,0.15,0.3,0.5,19.337910596012506
556,0.1,0.4,0.1,0.1,0.5,0.4318110417665798
557,0.05,1.2,0.2,0.5,0.3,123.28435502359584
558,0.05,0.4,0.05,0.2,0.5,0.2451070823114901
559,0.1,2.0,0.05,0.2,0.5,19.07000628008102
560,0.05,0.2,0.2,0.5,0.5,0.09367220489071666
561,0.25,1.4,0.15,0.3,0.4,12.661311021659056
562,0.05,0.2,0.1,0.0,0.4,0.11534905474166904
563,0.3,0.2,0.05,0.3,0.1,0.21273190275966752
564,0.3,1.4,0.1,0.5,0.2,5.392817471094286
565,0.1,1.6,0.05,0.2,0.5,25.02857966898295
566,0.05,1.4,0.2,0.1,0.3,20.451758071643642
567,0.1,1.6,0.2,0.4,0.3,36.67796657668038
568,0.25,1.0,0.05,0.0,0.3,49.86402703393789
569,0.25,0.8,0.1,0.4,0.5,17.94786686856211
570,0.3,0.6000000000000001,0.15,0.4,0.3,13.449174647574962
571,0.3,1.6,0.1,0.1,0.1,35.92093582199343
572,0.025,1.0,0.05,0.4,0.5,55.525610353213885
573,0.15,1.2,0.05,0.3,0.5,66.61702462115352
574,0.025,1.8,0.05,0.4,0.3,24.54125076575445
575,0.1,0.2,0.1,0.4,0.2,0.11741866297890105
576,0.025,1.8,0.1,0.3,0.1,143.6009520283621
577,0.025,1.4,0.05,0.0,0.5,826.0173224697302
578,0.025,0.2,0.1,0.5,0.2,0.17203628630327095
579,0.2,0.4,0.05,0.3,0.5,0.7620393982986698
580,0.3,1.6,0.15,0.1,0.2,73.92578912214103
581,0.05,0.4,0.15,0.4,0.2,0.22030815759794253
582,0.05,1.8,0.2,0.4,0.4,22.810762119636813
583,0.025,1.8,0.15,0.0,0.1,31.685993625820085
584,0.3,0.8,0.2,0.1,0.1,22.755332463188097
585,0.025,2.0,0.15,0.2,0.2,25.358896345252262
586,0.15,1.8,0.2,0.5,0.5,9.155443601479812
587,0.025,1.4,0.15,0.4,0.1,71.77067364980296
588,0.1,0.2,0.15,0.0,0.4,0.15951010309829824
589,0.1,0.4,0.2,0.3,0.3,0.37504172487007076
590,0.25,1.4,0.1,0.2,0.1,12.005830677278377
591,0.3,0.2,0.05,0.5,0.4,0.16267449361759267
592,0.1,1.0,0.15,0.2,0.2,70.39835559483684
593,0.025,1.8,0.05,0.1,0.1,64.17491041039258
594,0.15,0.6000000000000001,0.1,0.2,0.1,0.6837045935421387
595,0.2,0.8,0.2,0.1,0.2,283.30599378106433
596,0.2,0.4,0.05,0.0,0.4,0.5502270359601752
597,0.25,0.6000000000000001,0.2,0.4,0.4,18.95382097520723
598,0.2,0.6000000000000001,0.1,0.5,0.1,16.0447329803814
599,0.2,1.4,0.05,0.4,0.5,12.500938131778536
600,0.1,2.0,0.15,0.1,0.4,38.67723215227255
601,0.2,1.8,0.05,0.4,0.1,14.118403561459361
602,0.05,1.0,0.2,0.5,0.5,112.09138803571963
603,0.3,0.2,0.1,0.0,0.5,0.10943920703124072
604,0.05,0.2,0.1,0.5,0.1,0.11611806964510604
605,0.2,0.6000000000000001,0.2,0.3,0.4,45.56532801338299
606,0.15,2.0,0.05,0.3,0.5,31.08719282715567
607,0.025,2.0,0.1,0.5,0.3,61.85503785505526
608,0.1,2.0,0.2,0.1,0.2,15.317034627486205
609,0.025,2.0,0.05,0.3,0.3,62.32752084144744
610,0.1,0.4,0.2,0.3,0.5,0.25773314583793117
611,0.25,1.6,0.15,0.1,0.3,32.09673684011801
612,0.2,1.4,0.15,0.5,0.4,7.1561266092997435
613,0.15,1.6,0.2,0.2,0.4,16.581541655614537
614,0.15,2.0,0.2,0.3,0.4,24.98183514520164
615,0.3,1.2,0.2,0.5,0.1,7.066619193141312
616,0.025,1.2,0.15,0.0,0.2,128.56956120520525
617,0.05,1.2,0.05,0.0,0.5,482.7012486125502
618,0.15,0.8,0.05,0.1,0.4,6526.114706984161
619,0.15,1.8,0.05,0.0,0.1,22.15121820765835
620,0.025,1.8,0.05,0.3,0.1,20.701116715006382
621,0.25,0.6000000000000001,0.15,0.1,0.1,54.670177069572766
622,0.025,0.4,0.2,0.2,0.2,0.30757013294988655
623,0.3,1.2,0.05,0.3,0.5,11.55194235161091
624,0.25,0.2,0.15,0.1,0.1,0.08561698700022145
625,0.2,1.8,0.15,0.0,0.2,100.41894194798337
626,0.2,0.8,0.2,0.1,0.5,33.020771477078824
627,0.2,0.4,0.2,0.2,0.5,0.7769375410459679
628,0.25,0.2,0.1,0.5,0.2,0.10044184162234991
629,0.2,1.4,0.15,0.0,0.2,24.621599192889036
630,0.025,1.8,0.2,0.4,0.4,52.228875211711895
631,0.3,2.0,0.05,0.1,0.3,23.88038653094549
632,0.3,1.0,0.1,0.4,0.5,12.566207552104116
633,0.05,0.6000000000000001,0.05,0.1,0.1,0.5656762764660414
634,0.1,2.0,0.15,0.3,0.4,14.8408446409315
635,0.15,1.8,0.2,0.3,0.5,10.792047788244892
636,0.2,1.2,0.1,0.5,0.1,10.04235089493517
637,0.05,0.4,0.05,0.4,0.3,0.2965557000673431
638,0.15,1.0,0.15,0.3,0.4,39.675386408189745
639,0.2,0.4,0.1,0.1,0.2,0.5528614045255669
640,0.025,0.4,0.2,0.4,0.5,0.22690405992682341
641,0.25,1.6,0.1,0.5,0.1,7.549926774138746
642,0.3,1.8,0.2,0.3,0.4,8.090146154315693
643,0.2,1.6,0.05,0.4,0.2,10.296693799257097
644,0.25,1.2,0.2,0.5,0.1,10.248309360092852
645,0.3,2.0,0.2,0.0,0.2,129.22656206122605
646,0.2,0.2,0.05,0.4,0.1,0.17538126993836906
647,0.3,1.8,0.05,0.0,0.4,55.106947111979906
648,0.3,0.8,0.1,0.3,0.5,16.34539696726656
649,0.2,1.0,0.1,0.4,0.1,16.29234470685861
650,0.025,0.2,0.15,0.3,0.3,0.16913201072180553
651,0.1,0.2,0.1,0.5,0.2,0.15454725329940758
652,0.025,0.6000000000000001,0.15,0.1,0.4,0.6387640103182732
653,0.1,1.8,0.05,0.2,0.2,14.43536134680304
654,0.15,0.6000000000000001,0.2,0.4,0.2,1.0710178280771565
655,0.15,1.6,0.15,0.1,0.3,112.62169998481666
656,0.25,1.0,0.1,0.4,0.3,9.995319767854514
657,0.3,1.4,0.05,0.1,0.4,15.987028246924089
658,0.025,1.2,0.05,0.4,0.2,91.6492050971722
659,0.2,0.4,0.1,0.1,0.5,0.6439119792060709
660,0.2,1.4,0.05,0.5,0.2,7.45588665877717
661,0.025,0.2,0.2,0.5,0.4,0.13497390910108006
662,0.3,1.6,0.05,0.3,0.2,5.847067767663964
663,0.2,1.0,0.1,0.0,0.4,6042.0969445880055
664,0.25,0.2,0.05,0.5,0.1,0.13152511908524647
665,0.3,1.4,0.15,0.0,0.2,371.5813849757098
666,0.25,1.0,0.05,0.0,0.2,39.81587905697196
667,0.1,1.6,0.2,0.2,0.2,46.29922991768037
668,0.05,1.4,0.05,0.0,0.5,49.951594618087086
669,0.2,0.6000000000000001,0.05,0.1,0.2,2.6347516763491767
670,0.2,1.8,0.2,0.1,0.3,116.74164254925296
671,0.05,1.4,0.2,0.2,0.3,257.6622193888489
672,0.15,1.6,0.1,0.5,0.4,7.801862148500798
673,0.05,1.8,0.1,0.0,0.4,61.59099416781106
674,0.3,1.4,0.1,0.5,0.4,7.364893297527881
675,0.1,0.6000000000000001,0.1,0.0,0.3,0.5008337928329295
676,0.25,0.6000000000000001,0.15,0.0,0.1,75.22806753729382
677,0.025,0.4,0.15,0.0,0.4,0.3400584673570239
678,0.25,0.2,0.2,0.3,0.2,0.11609747185245742
679,0.1,1.0,0.2,0.5,0.4,61.29602292293849
680,0.1,0.8,0.05,0.0,0.5,164.24324997194557
681,0.05,1.2,0.05,0.3,0.3,72.25383395666725
682,0.3,0.4,0.2,0.4,0.3,0.39757175689790775
683,0.15,0.8,0.2,0.4,0.1,20.09557961781258
684,0.15,1.8,0.1,0.1,0.5,10.369755589767781
685,0.3,0.6000000000000001,0.1,0.3,0.5,14.10783219610876
686,0.2,1.2,0.15,0.1,0.5,76.06222668821677
687,0.1,0.6000000000000001,0.05,0.2,0.2,0.9878765457144671
688,0.15,0.8,0.2,0.5,0.4,21.923324421786305
689,0.25,1.0,0.05,0.3,0.1,24.71369555633468
690,0.25,1.6,0.2,0.0,0.1,72.28109422871543
691,0.1,0.8,0.1,0.3,0.2,77.05952398953899
692,0.2,1.4,0.2,0.5,0.1,12.141009210837003
693,0.05,0.6000000000000001,0.15,0.2,0.3,0.4580410304002781
694,0.025,1.4,0.15,0.1,0.3,226.49503734473993
695,0.2,1.4,0.05,0.0,0.1,508.2028781950345
696,0.2,1.2,0.1,0.2,0.5,34.61305182459097
697,0.15,1.0,0.05,0.2,0.2,155.27754659930025
698,0.2,0.6000000000000001,0.15,0.2,0.2,5.270242218093434
699,0.2,1.4,0.15,0.1,0.5,28.410581749957075
700,0.25,0.6000000000000001,0.1,0.0,0.4,52.84370639108739
701,0.15,1.6,0.1,0.1,0.1,17.170024263320315
702,0.025,0.8,0.05,0.0,0.4,40.29972450813669
703,0.15,0.2,0.15,0.2,0.2,0.12502825685180216
704,0.3,0.4,0.1,0.2,0.5,0.6113625304068788
705,0.025,0.4,0.05,0.1,0.4,0.42934151316496866
706,0.025,1.0,0.15,0.0,0.4,118.84466153974527
707,0.2,1.8,0.15,0.2,0.4,9.714712560037635
708,0.05,1.6,0.2,0.0,0.2,89.0084331612125
709,0.3,1.2,0.1,0.3,0.2,9.074455220182722
710,0.25,0.8,0.05,0.3,0.5,21.32999574347043
711,0.3,0.8,0.05,0.5,0.4,8.393656183102854
712,0.05,2.0,0.15,0.5,0.2,11.657550966278835
713,0.25,2.0,0.05,0.4,0.3,8.126137550808593
714,0.25,1.8,0.2,0.4,0.1,12.430017386830173
715,0.25,2.0,0.15,0.0,0.2,477.08625741743657
716,0.05,1.6,0.1,0.3,0.4,36.30947562709314
717,0.2,0.4,0.15,0.5,0.1,0.619869703440414
718,0.1,2.0,0.05,0.4,0.3,13.390956402224065
719,0.1,0.8,0.15,0.4,0.5,36.96990233827947
720,0.025,0.4,0.2,0.5,0.1,0.2948296564378322
721,0.1,1.6,0.15,0.3,0.2,25.212979561414237
722,0.3,1.4,0.1,0.0,0.2,94.65748574163133
723,0.025,0.2,0.15,0.2,0.4,0.14891990722381893
724,0.2,1.4,0.15,0.1,0.3,156.56619482464689
725,0.25,1.4,0.05,0.0,0.4,22.803182826397236
726,0.15,1.2,0.2,0.4,0.4,55.82263607509904
727,0.025,2.0,0.05,0.1,0.3,100.77580662034343
728,0.3,1.6,0.2,0.5,0.4,5.9033737591969055
729,0.3,1.2,0.1,0.5,0.2,7.78981709076946
730,0.25,1.0,0.1,0.2,0.1,25.099349779001198
731,0.15,0.8,0.15,0.1,0.4,48.048989832551904
732,0.3,0.6000000000000001,0.2,0.1,0.5,6.06783594135605
733,0.05,0.2,0.05,0.5,0.5,0.10620030032060673
734,0.25,1.4,0.1,0.0,0.1,63.365268022810355
735,0.3,1.2,0.1,0.3,0.5,12.661403163344264
736,0.15,1.6,0.05,0.2,0.2,40.25112249027221
737,0.05,1.6,0.1,0.1,0.5,60.25282341084201
738,0.1,0.2,0.05,0.0,0.2,0.17261550566567055
739,0.25,0.8,0.15,0.0,0.4,105.878586399411
740,0.25,1.8,0.15,0.5,0.3,6.697847315190292
741,0.2,1.0,0.1,0.0,0.2,20.46799798169838
742,0.3,1.8,0.05,0.2,0.1,10.595204865872496
743,0.05,0.4,0.2,0.4,0.2,0.4639721402782146
744,0.05,1.4,0.15,0.1,0.5,67.17998776523976
745,0.2,1.4,0.1,0.3,0.1,15.817576728678652
746,0.15,1.0,0.1,0.4,0.3,21.43862475902067
747,0.25,1.6,0.15,0.5,0.1,6.480914807850443
748,0.25,1.4,0.15,0.2,0.4,16.79226528843886
749,0.15,1.8,0.1,0.3,0.5,17.746294105525493
750,0.2,1.8,0.15,0.4,0.4,18.03406496835145
751,0.05,2.0,0.2,0.3,0.2,25.992460072862347
752,0.05,0.2,0.2,0.2,0.4,0.10566428826834753
753,0.05,0.4,0.15,0.3,0.5,0.2430227742416818
754,0.05,0.8,0.1,0.0,0.1,73.35602388100845
755,0.2,0.2,0.15,0.1,0.5,0.14079792986886103
756,0.2,1.0,0.2,0.0,0.1,65.16456360900666
757,0.3,1.0,0.05,0.4,0.3,9.006842909866624
758,0.2,1.8,0.05,0.4,0.5,5.928234152451598
759,0.2,0.4,0.1,0.5,0.1,0.6248669406317642
760,0.05,2.0,0.2,0.4,0.5,77.72734419913981
761,0.3,0.4,0.05,0.5,0.1,0.5496926239467108
762,0.05,1.2,0.15,0.3,0.2,482.351652426974
763,0.2,1.0,0.05,0.1,0.5,3339.5168136189427
764,0.1,1.6,0.05,0.0,0.4,16.544139536373773
765,0.1,1.6,0.05,0.3,0.4,19.187127617746555
766,0.15,0.6000000000000001,0.15,0.2,0.2,196.09642463381985
767,0.1,0.4,0.05,0.5,0.1,0.2978330062761401
768,0.025,1.8,0.1,0.1,0.3,118.24265921197471
769,0.15,1.6,0.1,0.1,0.5,170.09532032083004
770,0.2,0.2,0.15,0.4,0.1,0.10890084036420712
771,0.15,1.2,0.1,0.3,0.1,17.241630195040294
772,0.025,1.0,0.1,0.3,0.3,101.66957556634434
773,0.05,1.8,0.05,0.3,0.4,40.57807610254818
774,0.3,1.4,0.1,0.4,0.3,6.090124810296806
775,0.25,0.6000000000000001,0.05,0.4,0.1,16.01702830164149
776,0.15,0.6000000000000001,0.15,0.3,0.3,0.9019814819729435
777,0.025,0.8,0.1,0.3,0.5,324.6253709378836
778,0.025,1.8,0.2,0.5,0.3,56.566718422965394
779,0.1,0.8,0.1,0.5,0.5,37.21481311896306
780,0.25,0.2,0.05,0.4,0.4,0.18826436272934
781,0.05,1.2,0.05,0.1,0.5,131.85616247313718
782,0.025,0.6000000000000001,0.15,0.2,0.5,0.45995870602501104
783,0.3,1.6,0.1,0.3,0.2,11.612145711069676
784,0.05,1.8,0.15,0.4,0.2,331.7575233727183
785,0.1,1.4,0.05,0.3,0.5,32.78058407927898
786,0.2,1.0,0.05,0.4,0.3,15.999264543918992
787,0.15,0.6000000000000001,0.05,0.3,0.2,0.9347351037656635
788,0.1,1.6,0.2,0.5,0.4,19.24230931957372
789,0.25,0.8,0.2,0.0,0.2,109.66669722399637
790,0.25,1.4,0.1,0.0,0.3,13.997660807706373
791,0.1,0.4,0.1,0.3,0.3,0.3535450333314747
792,0.1,0.4,0.2,0.4,0.2,0.32115232614467676
793,0.05,1.2,0.2,0.2,0.1,115.53125347513777
794,0.025,1.4,0.15,0.2,0.3,298.9886961892384
795,0.025,1.0,0.2,0.1,0.3,185.53871113143558
796,0.05,1.4,0.2,0.3,0.5,51.96813258991556
797,0.05,1.6,0.1,0.3,0.2,623.5936735660123
798,0.1,0.6000000000000001,0.15,0.4,0.4,0.8499276416448313
799,0.2,1.6,0.05,0.4,0.3,5.792129437064974
800,0.025,0.4,0.1,0.0,0.3,0.39910663235447547
801,0.3,1.4,0.1,0.3,0.3,9.496891050336925
802,0.2,1.4,0.2,0.0,0.2,70.45818543950448
803,0.05,1.0,0.05,0.1,0.4,153.1512008221529
804,0.05,2.0,0.05,0.5,0.3,39.575046804078355
805,0.05,0.8,0.15,0.3,0.3,190.39259414179165
806,0.3,0.8,0.1,0.5,0.2,11.582048407379073
807,0.05,0.2,0.1,0.2,0.2,0.11835389418560768
808,0.15,1.4,0.05,0.4,0.2,19.674713076741334
809,0.05,2.0,0.05,0.1,0.3,73.01236392734963
810,0.25,0.4,0.15,0.2,0.4,0.5816648629313149
811,0.2,0.6000000000000001,0.05,0.3,0.5,5.9725602774750355
812,0.05,0.6000000000000001,0.1,0.5,0.5,0.6240317056618068
813,0.15,1.2,0.15,0.2,0.2,183.56939275126797
814,0.1,0.6000000000000001,0.05,0.4,0.2,1.0503871429760523
815,0.2,0.4,0.1,0.0,0.1,0.5058589264638274
816,0.25,0.8,0.2,0.2,0.3,33.94093205419798
817,0.15,0.4,0.15,0.0,0.2,0.4656272042368899
818,0.3,1.2,0.15,0.4,0.3,14.675424335265712
819,0.15,2.0,0.05,0.1,0.1,45.11445387630391
820,0.25,1.8,0.05,0.5,0.3,5.494849029787403
821,0.15,1.8,0.05,0.4,0.3,7.817259117360917
822,0.025,1.8,0.2,0.4,0.5,91.45015163446178
823,0.2,0.4,0.1,0.0,0.4,0.7786959599869242
824,0.3,1.0,0.15,0.2,0.2,45.55279057105206
825,0.15,0.6000000000000001,0.2,0.5,0.5,0.9024502723471536
826,0.025,0.6000000000000001,0.15,0.2,0.2,0.552664835719514
827,0.15,0.6000000000000001,0.2,0.4,0.3,1.0431520535858116
828,0.025,0.4,0.2,0.3,0.2,0.30482457884298986
829,0.15,0.2,0.2,0.5,0.5,0.11064404463955049
830,0.05,0.8,0.2,0.4,0.4,103.75134076464653
831,0.2,0.4,0.15,0.5,0.3,0.38559692385837074
832,0.2,2.0,0.1,0.2,0.3,11.476773806200814
833,0.3,0.4,0.05,0.4,0.5,0.6160441032832199
834,0.15,1.4,0.15,0.3,0.5,20.864976631309244
835,0.1,0.2,0.1,0.3,0.1,0.17276473878587592
836,0.025,1.6,0.05,0.3,0.3,35.698225704375524
837,0.1,1.6,0.15,0.4,0.3,21.816260192855886
838,0.2,1.4,0.05,0.5,0.1,7.383354684093398
839,0.25,0.2,0.15,0.0,0.3,0.12298241123183061
840,0.05,0.4,0.15,0.3,0.3,0.3471305042347958
841,0.025,1.4,0.2,0.2,0.2,202.39457032383714
842,0.025,1.4,0.1,0.5,0.2,119.82223463460637
843,0.2,1.2,0.15,0.1,0.3,92.56011777594502
844,0.1,1.4,0.15,0.4,0.2,29.287378828748942
845,0.025,2.0,0.2,0.0,0.3,2325.907761640322
846,0.05,2.0,0.15,0.4,0.5,9.634940905314792
847,0.1,0.4,0.15,0.2,0.5,0.47455864385647667
848,0.15,0.4,0.1,0.1,0.5,0.7172812330816287
849,0.15,0.4,0.2,0.3,0.1,0.4513274677483376
850,0.025,0.6000000000000001,0.2,0.0,0.3,0.5052569705721173
851,0.05,0.8,0.15,0.5,0.5,60.85385402972383
852,0.2,0.4,0.1,0.2,0.1,0.7563284089817081
853,0.3,1.2,0.2,0.0,0.2,40.50301506663781
854,0.1,0.4,0.1,0.2,0.3,0.48304244006586144
855,0.025,0.8,0.05,0.0,0.2,462.51273108971907
856,0.25,2.0,0.05,0.4,0.5,8.789417289169172
857,0.2,1.6,0.05,0.4,0.4,8.715801073547691
858,0.25,1.4,0.05,0.1,0.2,37.763356173845544
859,0.3,1.2,0.05,0.5,0.5,7.110940375071867
860,0.25,2.0,0.1,0.2,0.3,15.130759142538661
861,0.25,0.8,0.1,0.3,0.2,15.060549592828293
862,0.1,1.8,0.15,0.1,0.2,30.215686614443236
863,0.25,1.0,0.15,0.2,0.2,23.403719115416383
864,0.05,2.0,0.1,0.5,0.5,28.536891162445798
865,0.05,1.0,0.2,0.0,0.2,120.53284556382287
866,0.3,1.8,0.15,0.5,0.5,4.759918680353062
867,0.3,1.8,0.1,0.5,0.2,4.432866216609725
868,0.05,2.0,0.05,0.2,0.2,85.91800902327245
869,0.25,1.8,0.05,0.3,0.3,8.166227562406144
870,0.05,1.8,0.05,0.3,0.2,18.406710225771953
871,0.05,1.0,0.2,0.3,0.2,319.80283869161923
872,0.2,1.2,0.15,0.3,0.2,19.603875275065377
873,0.05,1.4,0.2,0.4,0.4,45.873395338378955
874,0.025,0.4,0.1,0.3,0.5,0.21977636702002723
875,0.15,0.8,0.1,0.4,0.1,37.56003016483653
876,0.25,0.4,0.2,0.1,0.1,0.5743870317590859
877,0.15,1.2,0.05,0.0,0.1,112.69462425093484
878,0.1,2.0,0.2,0.2,0.4,48.792232599890305
879,0.05,1.0,0.05,0.4,0.4,59.70683174253732
880,0.05,0.6000000000000001,0.1,0.3,0.5,0.42504207720114345
881,0.2,1.8,0.05,0.5,0.2,6.390666803324982
882,0.05,0.8,0.05,0.0,0.5,91.16781094653861
883,0.3,0.6000000000000001,0.05,0.1,0.2,40.44807695529272
884,0.15,0.4,0.2,0.4,0.1,0.3621827837866202
885,0.2,0.6000000000000001,0.05,0.0,0.4,109.68546305984597
886,0.05,2.0,0.1,0.0,0.4,21.610524251490492
887,0.2,0.6000000000000001,0.15,0.3,0.1,5.724158410132248
888,0.05,0.6000000000000001,0.05,0.0,0.3,0.5415186522148375
889,0.3,0.8,0.1,0.1,0.2,154.04609998445113
890,0.025,1.2,0.05,0.1,0.5,158.08373321015105
891,0.15,1.6,0.1,0.4,0.1,17.935732678013853
892,0.1,0.4,0.15,0.2,0.1,0.3855832704727632
893,0.15,1.2,0.1,0.1,0.4,47.728730484077325
894,0.05,0.4,0.05,0.4,0.2,0.432889643144309
895,0.3,1.6,0.15,0.5,0.2,9.919993471964002
896,0.3,0.2,0.05,0.0,0.1,0.15243952292155408
897,0.05,0.2,0.1,0.3,0.5,0.12382710520938738
898,0.025,1.2,0.1,0.1,0.2,133.9086957090009
899,0.15,1.8,0.1,0.1,0.1,8.485267048232016
900,0.05,0.4,0.2,0.1,0.5,0.4150639840309227
901,0.3,2.0,0.2,0.0,0.3,35.38742044805819
902,0.3,1.0,0.1,0.5,0.3,8.072387471725497
903,0.1,1.8,0.05,0.3,0.5,18.31849920987029
904,0.1,0.8,0.15,0.5,0.2,57.61214511722323
905,0.025,2.0,0.05,0.4,0.5,11.795660965106668
906,0.3,1.8,0.1,0.4,0.3,8.294505764147305
907,0.2,0.6000000000000001,0.1,0.1,0.1,2.8170395579653897
908,0.15,0.2,0.05,0.5,0.1,0.15517371066870303
909,0.25,1.8,0.05,0.4,0.1,6.989380534082117
910,0.25,0.8,0.15,0.5,0.5,11.055657523614626
911,0.15,0.8,0.2,0.4,0.2,22.99673599311334
912,0.05,1.6,0.2,0.2,0.3,80.2593573624603
913,0.25,0.6000000000000001,0.15,0.5,0.4,9.195210937825939
914,0.2,0.4,0.15,0.1,0.2,0.6229070444514504
915,0.025,0.2,0.2,0.2,0.5,0.11763883754736562
916,0.2,0.2,0.2,0.2,0.1,0.0966216615745494
917,0.3,0.4,0.05,0.4,0.2,0.618802017125912
918,0.2,1.0,0.1,0.2,0.1,33.002472575693
919,0.025,2.0,0.1,0.0,0.1,51.094722582869196
920,0.05,1.4,0.05,0.5,0.5,47.7528085972905
921,0.025,2.0,0.1,0.1,0.5,22.61942575492071
922,0.3,1.8,0.05,0.1,0.4,34.84739898303508
923,0.3,1.6,0.05,0.0,0.4,98.43637180623546
924,0.025,1.8,0.1,0.3,0.3,42.036686712520066
925,0.3,2.0,0.1,0.1,0.4,14.956068632908927
926,0.25,0.8,0.05,0.2,0.2,21.473840433244412
927,0.3,1.6,0.05,0.1,0.4,172.72520110324822
928,0.3,1.2,0.1,0.2,0.5,15.750045716485548
929,0.05,0.2,0.2,0.4,0.2,0.1145953206401323
930,0.05,1.6,0.2,0.0,0.4,60.90571248116795
931,0.05,0.4,0.15,0.2,0.5,0.34312108793042306
932,0.25,1.8,0.1,0.4,0.2,7.681555801775759
933,0.025,0.6000000000000001,0.2,0.4,0.3,0.46497647442802414
934,0.1,1.8,0.2,0.1,0.4,62.06564035540696
935,0.1,0.6000000000000001,0.2,0.4,0.2,0.611373436054839
936,0.3,1.0,0.2,0.4,0.5,11.670054757514583
937,0.25,1.0,0.1,0.5,0.2,11.014230584633191
938,0.15,0.8,0.15,0.3,0.2,38.60703023337429
939,0.2,0.2,0.15,0.5,0.1,0.12812565919229785
940,0.2,0.6000000000000001,0.05,0.4,0.1,22.52861628814935
941,0.25,1.0,0.15,0.3,0.3,18.2600720539196
942,0.1,1.4,0.1,0.4,0.5,20.696686103115404
943,0.25,0.6000000000000001,0.2,0.1,0.4,174.02515462804246
944,0.025,0.2,0.15,0.1,0.2,0.13882971553342371
945,0.3,1.8,0.05,0.4,0.4,5.483387059037674
946,0.25,1.2,0.2,0.3,0.2,21.14431622203469
947,0.25,1.2,0.2,0.2,0.1,25.88178521449544
948,0.05,0.6000000000000001,0.2,0.0,0.2,1.0043524810732962
949,0.2,1.4,0.2,0.3,0.5,11.835695806306692
950,0.15,1.0,0.05,0.0,0.1,69.33468838808153
951,0.25,2.0,0.2,0.3,0.1,10.068822819504287
952,0.25,1.0,0.1,0.3,0.2,20.93673666129891
953,0.25,0.8,0.15,0.0,0.5,76.94313884486283
954,0.05,0.8,0.2,0.2,0.3,58.60692592446493
955,0.025,0.6000000000000001,0.1,0.2,0.4,0.41035401702710117
956,0.025,0.2,0.15,0.2,0.3,0.14221741088625267
957,0.05,1.2,0.05,0.0,0.1,78.57878626620985
958,0.025,1.8,0.05,0.1,0.5,75.69072765804121
959,0.25,0.6000000000000001,0.15,0.1,0.2,53.420295193735186
960,0.025,1.0,0.1,0.1,0.4,142.17034997537243
961,0.2,1.8,0.1,0.5,0.4,12.480496292207285
962,0.3,0.8,0.15,0.5,0.3,8.19595134848684
963,0.15,1.8,0.1,0.3,0.1,15.338415182362661
964,0.3,0.2,0.15,0.1,0.1,0.098904305217767
965,0.25,1.6,0.15,0.5,0.2,8.38907055731025
966,0.025,0.2,0.05,0.5,0.1,0.0971285599020039
967,0.1,1.2,0.15,0.4,0.1,34.82183075265167
968,0.3,0.6000000000000001,0.05,0.3,0.5,15.943582480571832
969,0.1,0.4,0.05,0.5,0.2,0.2949481867661905
970,0.2,2.0,0.2,0.2,0.4,90.8092977436864
971,0.3,0.8,0.2,0.2,0.1,61.166382709370296
972,0.3,0.2,0.2,0.2,0.5,0.11610591906309416
973,0.05,0.8,0.05,0.1,0.2,1386.621003278333
974,0.05,0.6000000000000001,0.15,0.1,0.1,0.46717519239593364
975,0.1,0.2,0.1,0.3,0.4,0.13087858624084217
976,0.1,2.0,0.1,0.0,0.2,87.83318254869282
977,0.15,0.6000000000000001,0.05,0.4,0.5,2.3160339152609053
978,0.025,1.4,0.2,0.5,0.5,110.12114481177514
979,0.15,1.0,0.2,0.5,0.5,19.505615845881973
980,0.25,1.0,0.2,0.4,0.4,17.192320335193468
981,0.1,1.0,0.1,0.0,0.3,1517.5904639212326
982,0.05,0.2,0.15,0.2,0.4,0.12940022926983474
983,0.2,1.6,0.15,0.1,0.3,202.3753951991123
984,0.1,1.0,0.2,0.4,0.5,36.782567699652766
985,0.25,2.0,0.1,0.0,0.3,96.09055214819467
986,0.15,0.8,0.15,0.2,0.1,46.78732797711109
987,0.025,2.0,0.15,0.5,0.1,232.50937560447764
988,0.3,0.2,0.05,0.0,0.3,0.147179381722688
989,0.1,2.0,0.15,0.0,0.4,32.752000193988984
990,0.1,1.2,0.15,0.2,0.4,63.00348388022111
991,0.25,1.0,0.15,0.2,0.4,15.370935662761998
992,0.15,0.4,0.05,0.4,0.4,0.645422858394323
993,0.15,1.6,0.15,0.1,0.4,80.47894081762466
994,0.2,1.4,0.2,0.0,0.3,51.3630920822135
995,0.3,1.0,0.2,0.1,0.4,65.13148462054765
996,0.2,1.4,0.1,0.5,0.1,8.890661375298547
997,0.3,0.6000000000000001,0.2,0.0,0.1,6.344773910802051
998,0.2,0.2,0.05,0.0,0.2,0.17340740861693263
999,0.025,0.6000000000000001,0.05,0.3,0.1,0.5070849333246419
1000,0.025,0.6000000000000001,0.2,0.2,0.4,0.4867862209468663
1001,0.1,0.8,0.05,0.1,0.3,248.35195369011203
1002,0.3,1.0,0.15,0.4,0.1,12.060470051850135
1003,0.025,0.4,0.15,0.0,0.3,0.3746708320661383
1004,0.15,1.4,0.05,0.0,0.4,139.09186787599805
1005,0.15,0.2,0.05,0.1,0.5,0.15332446365053456
1006,0.025,0.4,0.1,0.3,0.2,0.27052910199844643
1007,0.05,0.4,0.1,0.1,0.4,0.43244735710827614
1008,0.25,1.4,0.15,0.5,0.3,6.900576262517307
1009,0.1,0.6000000000000001,0.2,0.3,0.3,0.6155832806973435
1010,0.2,1.0,0.05,0.0,0.1,154.4720964158817
1011,0.05,1.2,0.2,0.1,0.5,2450.4516871960277
1012,0.05,0.4,0.1,0.2,0.3,0.26244439614467685
1013,0.3,2.0,0.05,0.0,0.5,24.93795118430404
1014,0.1,0.4,0.1,0.4,0.4,0.5100621639257937
1015,0.25,1.8,0.2,0.2,0.1,15.550561554004153
1016,0.025,0.6000000000000001,0.05,0.2,0.3,0.5153433445390934
1017,0.1,1.0,0.15,0.1,0.2,1966.0999899705112
1018,0.025,0.6000000000000001,0.15,0.5,0.1,0.7862271021267114
1019,0.25,1.2,0.15,0.5,0.4,9.946379663673408
1020,0.025,1.4,0.1,0.3,0.1,42.1190878866162
1021,0.1,0.8,0.2,0.1,0.1,38.61995597941137
1022,0.15,0.8,0.2,0.2,0.2,39.09965914748404
1023,0.25,2.0,0.15,0.4,0.2,13.93280748852109
1024,0.3,0.2,0.15,0.5,0.1,0.12337590999938106
1025,0.1,0.2,0.2,0.2,0.5,0.1343413940893277
1026,0.2,2.0,0.1,0.5,0.5,5.6496804472860545
1027,0.25,0.4,0.1,0.3,0.2,0.6768016335718572
1028,0.2,0.2,0.1,0.3,0.5,0.09959757444962473
1029,0.25,0.2,0.2,0.1,0.2,0.08758670123725758
1030,0.05,0.6000000000000001,0.15,0.4,0.4,1.0896163817598687
1031,0.25,1.6,0.05,0.3,0.4,29.173342221242507
1032,0.1,0.8,0.15,0.3,0.3,67.45087091622631
1033,0.05,0.8,0.15,0.0,0.4,119.997815598546
1034,0.1,2.0,0.2,0.5,0.3,12.144718649766922
1035,0.15,0.8,0.2,0.0,0.1,160.08914249536733
1036,0.05,0.2,0.1,0.0,0.3,0.12271228552380736
1037,0.05,0.8,0.1,0.2,0.2,225.69663878528988
1038,0.2,1.6,0.15,0.5,0.5,6.899559386443781
1039,0.1,1.2,0.15,0.3,0.1,33.918702890190445
1040,0.025,1.6,0.1,0.1,0.2,66.03791060959624
1041,0.15,2.0,0.1,0.2,0.4,18.79748840679959
1042,0.25,1.6,0.05,0.2,0.3,19.681550461110426
1043,0.2,0.8,0.2,0.2,0.4,69.9214782476956
1044,0.2,0.4,0.2,0.3,0.3,0.5358859251861151
1045,0.3,1.8,0.05,0.2,0.2,65.73944687526442
1046,0.025,0.6000000000000001,0.15,0.1,0.2,1.001350847153336
